State,Year,CCI
Alabama,1976,2.6772759
Alabama,1977,2.6452227
Alabama,1978,2.6097124
Alabama,1979,4.9143229
Alabama,1980,8.4748154
Alabama,1981,2.0415819
Alabama,1982,4.0761528
Alabama,1983,6.3546934
Alabama,1984,9.1097269
Alabama,1985,5.0345874
Alabama,1986,4.5095038
Alabama,1987,3.2376485
Alabama,1988,4.2248201
Alabama,1989,6.2031355
Alabama,1990,0.9880178
Alabama,1991,0.48887563
Alabama,1992,1.6911194
Alabama,1993,2.8618376
Alabama,1994,5.4335499
Alabama,1995,1.4075487
Alabama,1996,2.0977066
Alabama,1997,4.3978629
Alabama,1998,1.1491505
Alabama,1999,5.7210069
Alabama,2000,2.6953149
Alabama,2001,5.8196402
Alabama,2002,6.2498746
Alabama,2003,3.1087
Alabama,2004,2.8692949
Alabama,2005,5.6895146
Alabama,2006,11.017546
Alabama,2007,11.128137
Alabama,2008,4.2388959
Alabama,2009,5.8848996
Alabama,2010,3.1382461
Alabama,2011,4.7889328
Alabama,2012,4.5624032
Alabama,2013,4.7582402
Alabama,2014,4.7428741
Alabama,2015,4.120419253
Alaska,1976,9.97583
Alaska,1977,7.43612
Alaska,1978,0
Alaska,1979,0
Alaska,1980,0
Alaska,1981,0
Alaska,1982,0
Alaska,1983,12.2846
Alaska,1984,15.5732
Alaska,1985,16.9016
Alaska,1986,18.3733
Alaska,1987,11.1253
Alaska,1988,0
Alaska,1989,10.9657
Alaska,1990,1.81804
Alaska,1991,0
Alaska,1992,1.70337
Alaska,1993,0
Alaska,1994,0
Alaska,1995,3.32588
Alaska,1996,3.30623
Alaska,1997,4.92735
Alaska,1998,1.62547
Alaska,1999,6.45682
Alaska,2000,25.4792
Alaska,2001,9.46799
Alaska,2002,7.78408
Alaska,2003,0
Alaska,2004,0
Alaska,2005,1.49937
Alaska,2006,4.44246
Alaska,2007,22.0491
Alaska,2008,11.6371
Alaska,2009,1.43083
Alaska,2010,12.6053
Alaska,2011,5.53466
Alaska,2012,5.47715
Alaska,2013,2.7206
Alaska,2014,1.35739543
Alaska,2015,5.422192219
Arizona,1976,0.85245681
Arizona,1977,1.2370114
Arizona,1978,0
Arizona,1979,0.37942457
Arizona,1980,0.73577559
Arizona,1981,2.1351478
Arizona,1982,0
Arizona,1983,1.3472867
Arizona,1984,0.9781099
Arizona,1985,1.2564629
Arizona,1986,1.2090948
Arizona,1987,1.4547148
Arizona,1988,3.1115813
Arizona,1989,7.4540539
Arizona,1990,1.0872343
Arizona,1991,2.126308
Arizona,1992,2.0686107
Arizona,1993,4.0066209
Arizona,1994,2.411056
Arizona,1995,0.46437004
Arizona,1996,1.3536959
Arizona,1997,1.7573881
Arizona,1998,1.0712878
Arizona,1999,1.464947
Arizona,2000,1.5502104
Arizona,2001,0.18962809
Arizona,2002,0.74125552
Arizona,2003,1.8147634
Arizona,2004,1.592244
Arizona,2005,8.2204733
Arizona,2006,2.6537781
Arizona,2007,5.1883368
Arizona,2008,3.1845307
Arizona,2009,2.9953573
Arizona,2010,2.5031211
Arizona,2011,2.7767065
Arizona,2012,5.1882653
Arizona,2013,6.0362597
Arizona,2014,3.8624492
Arizona,2015,2.640238854
Arkansas,1976,0.46079552
Arkansas,1977,1.8107659
Arkansas,1978,0.89161128
Arkansas,1979,1.7610828
Arkansas,1980,2.1868057
Arkansas,1981,1.3082156
Arkansas,1982,0.43587038
Arkansas,1983,5.6380544
Arkansas,1984,2.5864632
Arkansas,1985,1.2891859
Arkansas,1986,3.4305611
Arkansas,1987,2.1346085
Arkansas,1988,4.268652
Arkansas,1989,1.2785761
Arkansas,1990,1.2742425
Arkansas,1991,2.9527516
Arkansas,1992,1.670774
Arkansas,1993,2.475513
Arkansas,1994,1.22419
Arkansas,1995,0
Arkansas,1996,0.39922392
Arkansas,1997,1.9809747
Arkansas,1998,1.9698999
Arkansas,1999,1.9597315
Arkansas,2000,2.9866459
Arkansas,2001,0
Arkansas,2002,1.1086761
Arkansas,2003,6.9729376
Arkansas,2004,6.5461926
Arkansas,2005,1.4382799
Arkansas,2006,3.5438876
Arkansas,2007,2.8083477
Arkansas,2008,1.7394027
Arkansas,2009,1.0356113
Arkansas,2010,5.8300638
Arkansas,2011,2.7229593
Arkansas,2012,5.0862455
Arkansas,2013,1.351639
Arkansas,2014,1.3484495
Arkansas,2015,4.365561362
California,1976,0.50146109
California,1977,0.44737926
California,1978,0.26274303
California,1979,0.64496988
California,1980,0.50701582
California,1981,2.9646833
California,1982,0.48348105
California,1983,0.90694004
California,1984,3.4049931
California,1985,3.3281519
California,1986,3.0624821
California,1987,2.7720578
California,1988,2.5294931
California,1989,3.5594254
California,1990,2.9382205
California,1991,2.235805
California,1992,2.3643036
California,1993,4.398469
California,1994,2.9376829
California,1995,4.572372
California,1996,3.9017267
California,1997,2.6072624
California,1998,2.294785
California,1999,2.6549928
California,2000,2.1772389
California,2001,1.9141809
California,2002,1.8352939
California,2003,2.1274664
California,2004,2.1644657
California,2005,2.3724527
California,2006,1.804493
California,2007,2.0965345
California,2008,1.5845133
California,2009,1.8668225
California,2010,1.1810812
California,2011,1.3796067
California,2012,2.3395565
California,2013,1.643514
California,2014,2.0359514
California,2015,2.205470901
Colorado,1976,0
Colorado,1977,0.37090063
Colorado,1978,0.36143491
Colorado,1979,0
Colorado,1980,0
Colorado,1981,0
Colorado,1982,0.32663086
Colorado,1983,4.1485434
Colorado,1984,2.8391256
Colorado,1985,1.246603
Colorado,1986,3.3977358
Colorado,1987,3.3737364
Colorado,1988,0
Colorado,1989,4.2737389
Colorado,1990,3.0267627
Colorado,1991,3.8603504
Colorado,1992,1.9301752
Colorado,1993,0
Colorado,1994,0
Colorado,1995,0
Colorado,1996,0
Colorado,1997,0
Colorado,1998,0.50390905
Colorado,1999,0.24654043
Colorado,2000,0.6933338
Colorado,2001,4.9709764
Colorado,2002,3.563149
Colorado,2003,1.5456872
Colorado,2004,1.74863
Colorado,2005,2.3748405
Colorado,2006,0.84738225
Colorado,2007,0.62449652
Colorado,2008,0.81804109
Colorado,2009,2.8156607
Colorado,2010,1.1930327
Colorado,2011,1.1726079
Colorado,2012,1.734913
Colorado,2013,0.56943607
Colorado,2014,0.37342206
Colorado,2015,0
Connecticut,1976,0
Connecticut,1977,1.6203674
Connecticut,1978,1.2938159
Connecticut,1979,1.2920231
Connecticut,1980,2.2525566
Connecticut,1981,0
Connecticut,1982,1.2742871
Connecticut,1983,4.7433081
Connecticut,1984,2.5157154
Connecticut,1985,2.1867278
Connecticut,1986,2.171391
Connecticut,1987,2.7715418
Connecticut,1988,4.5844221
Connecticut,1989,3.6547482
Connecticut,1990,2.4323058
Connecticut,1991,1.2163082
Connecticut,1992,3.0534351
Connecticut,1993,0.91678077
Connecticut,1994,4.8954368
Connecticut,1995,2.4500122
Connecticut,1996,1.530442
Connecticut,1997,1.2237992
Connecticut,1998,1.8334271
Connecticut,1999,2.4375157
Connecticut,2000,2.3448172
Connecticut,2001,4.0782676
Connecticut,2002,0.86736536
Connecticut,2003,3.4439807
Connecticut,2004,2.2882707
Connecticut,2005,6.843534
Connecticut,2006,3.1272566
Connecticut,2007,4.8195915
Connecticut,2008,1.4102066
Connecticut,2009,0.56151229
Connecticut,2010,1.1191629
Connecticut,2011,0
Connecticut,2012,2.228195
Connecticut,2013,3.6150475
Connecticut,2014,3.6144445
Connecticut,2015,1.673766225
Delaware,1976,5.0833154
Delaware,1977,0
Delaware,1978,1.6813053
Delaware,1979,0
Delaware,1980,0
Delaware,1981,1.6779227
Delaware,1982,1.6690367
Delaware,1983,1.6516422
Delaware,1984,4.9054475
Delaware,1985,0
Delaware,1986,4.780427
Delaware,1987,1.5699893
Delaware,1988,3.0882213
Delaware,1989,1.5191265
Delaware,1990,0
Delaware,1991,0
Delaware,1992,0
Delaware,1993,11.437149
Delaware,1994,1.4116
Delaware,1995,0
Delaware,1996,0
Delaware,1997,1.3604997
Delaware,1998,5.3758674
Delaware,1999,2.6541462
Delaware,2000,1.2716612
Delaware,2001,10.054053
Delaware,2002,8.6830425
Delaware,2003,3.6674683
Delaware,2004,6.0182738
Delaware,2005,2.3664439
Delaware,2006,8.1464691
Delaware,2007,5.7355957
Delaware,2008,7.9196811
Delaware,2009,1.1214157
Delaware,2010,1.1136676
Delaware,2011,2.2047436
Delaware,2012,3.2712095
Delaware,2013,5.401032
Delaware,2014,1.0688169
Delaware,2015,1.059236756
Florida,1976,0.57687557
Florida,1977,0.1129155
Florida,1978,0.87892479
Florida,1979,0.10608774
Florida,1980,1.8468509
Florida,1981,0.9810847
Florida,1982,0.47749108
Florida,1983,2.0465307
Florida,1984,3.3514795
Florida,1985,1.4095551
Florida,1986,1.5427469
Florida,1987,3.1673794
Florida,1988,3.4941168
Florida,1989,6.4093943
Florida,1990,5.3770046
Florida,1991,3.6118741
Florida,1992,3.5542917
Florida,1993,3.1355734
Florida,1994,4.0109444
Florida,1995,4.8641562
Florida,1996,4.1588974
Florida,1997,3.6776474
Florida,1998,6.4394093
Florida,1999,8.8675947
Florida,2000,6.6677051
Florida,2001,5.8690467
Florida,2002,3.1756685
Florida,2003,3.234514
Florida,2004,5.1678696
Florida,2005,2.3539963
Florida,2006,4.6237683
Florida,2007,3.7565739
Florida,2008,3.5623107
Florida,2009,3.6992161
Florida,2010,2.7657661
Florida,2011,2.0989113
Florida,2012,3.2095084
Florida,2013,2.5060222
Florida,2014,3.3679681
Florida,2015,4.099795139
Georgia,1976,2.9223759
Georgia,1977,1.9158189
Georgia,1978,1.3218147
Georgia,1979,1.1108272
Georgia,1980,1.2813238
Georgia,1981,1.9754505
Georgia,1982,1.7699773
Georgia,1983,6.6337886
Georgia,1984,4.6272888
Georgia,1985,3.8573389
Georgia,1986,5.9165082
Georgia,1987,3.7046165
Georgia,1988,6.96628
Georgia,1989,7.6429944
Georgia,1990,5.2255197
Georgia,1991,6.1921563
Georgia,1992,3.1067524
Georgia,1993,3.916398
Georgia,1994,5.2512808
Georgia,1995,4.45153
Georgia,1996,2.3185306
Georgia,1997,5.8775678
Georgia,1998,1.309497
Georgia,1999,1.4123858
Georgia,2000,0.24309312
Georgia,2001,2.8649738
Georgia,2002,3.8785839
Georgia,2003,2.4354067
Georgia,2004,1.4824529
Georgia,2005,3.5850646
Georgia,2006,0.9829824
Georgia,2007,0.85561591
Georgia,2008,2.8406579
Georgia,2009,2.5985229
Georgia,2010,3.8192956
Georgia,2011,4.4828382
Georgia,2012,4.2338924
Georgia,2013,2.7021158
Georgia,2014,3.2682004
Georgia,2015,3.333530077
Hawaii,1976,0
Hawaii,1977,0
Hawaii,1978,0
Hawaii,1979,0
Hawaii,1980,0
Hawaii,1981,0
Hawaii,1982,3.01878
Hawaii,1983,2
Hawaii,1984,6
Hawaii,1985,0
Hawaii,1986,0
Hawaii,1987,3.63636
Hawaii,1988,5.45455
Hawaii,1989,0
Hawaii,1990,5.45455
Hawaii,1991,1.81818
Hawaii,1992,0.909091
Hawaii,1993,5.83333
Hawaii,1994,7.5
Hawaii,1995,5
Hawaii,1996,3.33333
Hawaii,1997,3.33333
Hawaii,1998,5
Hawaii,1999,1.66667
Hawaii,2000,2.5
Hawaii,2001,1.66667
Hawaii,2002,8.33333
Hawaii,2003,3.07692
Hawaii,2004,10.7692
Hawaii,2005,33.8462
Hawaii,2006,3.84615
Hawaii,2007,0.769231
Hawaii,2008,1.53846
Hawaii,2009,0.769231
Hawaii,2010,0
Hawaii,2011,2.14286
Hawaii,2012,1.42857
Hawaii,2013,0
Hawaii,2014,2.824162689
Hawaii,2015,3.508385392
Idaho,1976,0
Idaho,1977,0
Idaho,1978,0
Idaho,1979,0
Idaho,1980,0
Idaho,1981,0
Idaho,1982,0
Idaho,1983,2.0369315
Idaho,1984,2.0184915
Idaho,1985,1.0059845
Idaho,1986,6.0592351
Idaho,1987,4.060926
Idaho,1988,2.029089
Idaho,1989,1.0056154
Idaho,1990,0.98825949
Idaho,1991,0
Idaho,1992,1.8753105
Idaho,1993,2.7243009
Idaho,1994,0
Idaho,1995,6.0085835
Idaho,1996,3.3678255
Idaho,1997,2.4780281
Idaho,1998,5.6868033
Idaho,1999,3.9945674
Idaho,2000,3.847841
Idaho,2001,3.0303948
Idaho,2002,5.2224388
Idaho,2003,2.9338849
Idaho,2004,2.1554821
Idaho,2005,0.70016241
Idaho,2006,0.68088818
Idaho,2007,0.66440767
Idaho,2008,0.6517545
Idaho,2009,0.64331847
Idaho,2010,0
Idaho,2011,1.8927684
Idaho,2012,3.7600346
Idaho,2013,2.481174
Idaho,2014,0.61182284
Idaho,2015,1.815070897
Illinois,1976,0.44080439
Illinois,1977,0
Illinois,1978,2.4534287
Illinois,1979,2.7200618
Illinois,1980,2.3629284
Illinois,1981,3.0585048
Illinois,1982,1.7507923
Illinois,1983,1.8406844
Illinois,1984,7.0977297
Illinois,1985,3.9474378
Illinois,1986,3.4248681
Illinois,1987,2.809186
Illinois,1988,10.798757
Illinois,1989,8.939683
Illinois,1990,7.3381672
Illinois,1991,1.6470181
Illinois,1992,4.727035
Illinois,1993,7.5899711
Illinois,1994,6.7767897
Illinois,1995,8.4981785
Illinois,1996,7.1111856
Illinois,1997,5.328227
Illinois,1998,5.5510449
Illinois,1999,4.9470663
Illinois,2000,4.7449775
Illinois,2001,2.4022293
Illinois,2002,2.3950949
Illinois,2003,4.7785921
Illinois,2004,2.5417402
Illinois,2005,5.8684049
Illinois,2006,3.005378
Illinois,2007,3.4656858
Illinois,2008,4.3931904
Illinois,2009,4.532383
Illinois,2010,4.0528111
Illinois,2011,3.1858764
Illinois,2012,3.4173961
Illinois,2013,5.3562694
Illinois,2014,2.2514479
Illinois,2015,2.025072422
Indiana,1976,0.74224037
Indiana,1977,1.6587905
Indiana,1978,0.9140417
Indiana,1979,0.54533851
Indiana,1980,2.549989
Indiana,1981,0.72986841
Indiana,1982,1.0973094
Indiana,1983,0
Indiana,1984,1.2824459
Indiana,1985,2.3812969
Indiana,1986,3.1169155
Indiana,1987,4.5678701
Indiana,1988,2.9134717
Indiana,1989,5.4311519
Indiana,1990,2.7002213
Indiana,1991,1.4280461
Indiana,1992,0.70813382
Indiana,1993,1.9291612
Indiana,1994,2.4366345
Indiana,1995,2.0718875
Indiana,1996,2.9134982
Indiana,1997,3.065202
Indiana,1998,1.1849103
Indiana,1999,1.5144122
Indiana,2000,1.8056853
Indiana,2001,0.97915059
Indiana,2002,0.97466362
Indiana,2003,3.2275555
Indiana,2004,2.7274141
Indiana,2005,2.2297893
Indiana,2006,1.4212015
Indiana,2007,3.7619913
Indiana,2008,2.1790528
Indiana,2009,2.7866666
Indiana,2010,1.8507665
Indiana,2011,0.92068034
Indiana,2012,4.8949647
Indiana,2013,3.5002816
Indiana,2014,3.4865124
Indiana,2015,0.756113023
Iowa,1976,0.34446174
Iowa,1977,0
Iowa,1978,0
Iowa,1979,0.34296611
Iowa,1980,0
Iowa,1981,0.34388131
Iowa,1982,0
Iowa,1983,0.3483665
Iowa,1984,1.0494574
Iowa,1985,2.1203811
Iowa,1986,4.2980404
Iowa,1987,1.4456037
Iowa,1988,2.5285454
Iowa,1989,3.2484055
Iowa,1990,3.59742
Iowa,1991,2.14959
Iowa,1992,1.4250495
Iowa,1993,3.190901
Iowa,1994,1.060288
Iowa,1995,1.4080243
Iowa,1996,0.70213133
Iowa,1997,0.35033631
Iowa,1998,1.3981028
Iowa,1999,0.69700742
Iowa,2000,0
Iowa,2001,0
Iowa,2002,1.0224147
Iowa,2003,3.0591435
Iowa,2004,0.67713058
Iowa,2005,1.3493228
Iowa,2006,0.67054689
Iowa,2007,3.0007901
Iowa,2008,2.9833627
Iowa,2009,1.3188828
Iowa,2010,3.6108787
Iowa,2011,0.97965264
Iowa,2012,1.3011558
Iowa,2013,0.97074187
Iowa,2014,2.5747232
Iowa,2015,1.921846818
Kansas,1976,3.9113429
Kansas,1977,1.723655
Kansas,1978,0
Kansas,1979,1.2761016
Kansas,1980,0
Kansas,1981,2.935195
Kansas,1982,0
Kansas,1983,1.2419635
Kansas,1984,3.7127335
Kansas,1985,3.7076554
Kansas,1986,4.1107941
Kansas,1987,2.8625524
Kansas,1988,3.6555645
Kansas,1989,2.4263501
Kansas,1990,0
Kansas,1991,0.40076786
Kansas,1992,0
Kansas,1993,1.9626315
Kansas,1994,4.2816219
Kansas,1995,1.1596713
Kansas,1996,0.38487148
Kansas,1997,1.1466399
Kansas,1998,1.1369364
Kansas,1999,2.2606959
Kansas,2000,2.9699147
Kansas,2001,1.8503716
Kansas,2002,2.2111421
Kansas,2003,0
Kansas,2004,1.8285748
Kansas,2005,1.0927768
Kansas,2006,0
Kansas,2007,0.71844757
Kansas,2008,1.7805761
Kansas,2009,1.4120803
Kansas,2010,1.7524675
Kansas,2011,3.1345341
Kansas,2012,2.7720892
Kansas,2013,1.3821892
Kansas,2014,1.377401
Kansas,2015,0.688060533
Kentucky,1976,1.7000731
Kentucky,1977,1.6789368
Kentucky,1978,1.9390689
Kentucky,1979,1.9221264
Kentucky,1980,3.2779899
Kentucky,1981,1.9071543
Kentucky,1982,2.4433615
Kentucky,1983,0.27067408
Kentucky,1984,1.8942213
Kentucky,1985,1.3532423
Kentucky,1986,4.8809457
Kentucky,1987,2.7149346
Kentucky,1988,2.7173913
Kentucky,1989,3.2632549
Kentucky,1990,6.4995208
Kentucky,1991,3.2304177
Kentucky,1992,0.26621518
Kentucky,1993,3.6917007
Kentucky,1994,4.7080731
Kentucky,1995,3.6314118
Kentucky,1996,4.8955822
Kentucky,1997,3.8384573
Kentucky,1998,3.5584385
Kentucky,1999,6.3118243
Kentucky,2000,6.1743336
Kentucky,2001,4.1788239
Kentucky,2002,6.6016607
Kentucky,2003,6.3150172
Kentucky,2004,6.7533345
Kentucky,2005,3.3470883
Kentucky,2006,6.3992567
Kentucky,2007,9.1620913
Kentucky,2008,6.526989
Kentucky,2009,9.4971819
Kentucky,2010,7.8352389
Kentucky,2011,8.6969261
Kentucky,2012,7.3052354
Kentucky,2013,3.412744
Kentucky,2014,1.5860572
Kentucky,2015,2.938111396
Louisiana,1976,0.25312611
Louisiana,1977,0.24909951
Louisiana,1978,1.4747159
Louisiana,1979,4.3502746
Louisiana,1980,2.6153736
Louisiana,1981,3.7354376
Louisiana,1982,1.3784833
Louisiana,1983,5.4603534
Louisiana,1984,2.0452313
Louisiana,1985,2.2685409
Louisiana,1986,3.4037378
Louisiana,1987,3.6831141
Louisiana,1988,6.9948659
Louisiana,1989,7.0540266
Louisiana,1990,13.746747
Louisiana,1991,2.3579621
Louisiana,1992,1.1707271
Louisiana,1993,8.1685047
Louisiana,1994,8.1272497
Louisiana,1995,4.6210933
Louisiana,1996,11.063068
Louisiana,1997,8.9626532
Louisiana,1998,8.9392958
Louisiana,1999,5.0319757
Louisiana,2000,5.1432509
Louisiana,2001,7.1462388
Louisiana,2002,6.6707134
Louisiana,2003,5.5297012
Louisiana,2004,6.5901623
Louisiana,2005,8.3030529
Louisiana,2006,11.388277
Louisiana,2007,9.5987272
Louisiana,2008,8.7925167
Louisiana,2009,9.7959547
Louisiana,2010,12.132255
Louisiana,2011,11.147931
Louisiana,2012,9.1266851
Louisiana,2013,10.809712
Louisiana,2014,6.0219197
Louisiana,2015,5.782872417
Maine,1976,0
Maine,1977,0
Maine,1978,1.7960254
Maine,1979,1.781642
Maine,1980,2.6674728
Maine,1981,0
Maine,1982,0
Maine,1983,0.8735379
Maine,1984,0.8653214
Maine,1985,1.7197791
Maine,1986,4.2730293
Maine,1987,0
Maine,1988,3.3227007
Maine,1989,3.278796
Maine,1990,2.4364493
Maine,1991,6.4754257
Maine,1992,5.6645761
Maine,1993,8.0758486
Maine,1994,2.4238703
Maine,1995,0.80812001
Maine,1996,4.833097
Maine,1997,3.2123096
Maine,1998,0
Maine,1999,0
Maine,2000,3.9152122
Maine,2001,1.5555849
Maine,2002,0
Maine,2003,3.8269894
Maine,2004,1.5224292
Maine,2005,2.2748125
Maine,2006,3.0220153
Maine,2007,3.0142272
Maine,2008,6.012732
Maine,2009,3.7605577
Maine,2010,0.75280797
Maine,2011,3.0116174
Maine,2012,1.5046757
Maine,2013,1.5056839
Maine,2014,2.2554865
Maine,2015,3.008756233
Maryland,1976,0.48186502
Maryland,1977,1.1991558
Maryland,1978,4.7805719
Maryland,1979,2.6245718
Maryland,1980,2.6085019
Maryland,1981,0.70391142
Maryland,1982,0.46697113
Maryland,1983,2.3183944
Maryland,1984,1.8326598
Maryland,1985,3.1723948
Maryland,1986,1.1143402
Maryland,1987,5.9138417
Maryland,1988,6.6553597
Maryland,1989,5.7115054
Maryland,1990,0.41688988
Maryland,1991,2.8829246
Maryland,1992,3.0596385
Maryland,1993,4.2488618
Maryland,1994,3.4099503
Maryland,1995,0
Maryland,1996,2.1751425
Maryland,1997,0.58905417
Maryland,1998,0.97464556
Maryland,1999,1.3535384
Maryland,2000,1.5062991
Maryland,2001,1.4884579
Maryland,2002,1.1028621
Maryland,2003,2.1832988
Maryland,2004,5.0478282
Maryland,2005,3.0398507
Maryland,2006,6.3973045
Maryland,2007,3.7145722
Maryland,2008,6.8602066
Maryland,2009,5.5842624
Maryland,2010,3.6372769
Maryland,2011,9.9514608
Maryland,2012,4.4183421
Maryland,2013,7.927392
Maryland,2014,2.0078943
Maryland,2015,5.170990477
Massachusetts,1976,0.52231413
Massachusetts,1977,0.87135339
Massachusetts,1978,1.2202626
Massachusetts,1979,0.87132299
Massachusetts,1980,1.0458355
Massachusetts,1981,1.2134471
Massachusetts,1982,1.9060094
Massachusetts,1983,1.3794507
Massachusetts,1984,2.9105752
Massachusetts,1985,1.5304222
Massachusetts,1986,5.9295101
Massachusetts,1987,2.0218358
Massachusetts,1988,8.1940069
Massachusetts,1989,2.4935665
Massachusetts,1990,2.492249
Massachusetts,1991,0.16670418
Massachusetts,1992,0.83199453
Massachusetts,1993,1.4972849
Massachusetts,1994,1.9896044
Massachusetts,1995,4.453733
Massachusetts,1996,5.7514801
Massachusetts,1997,1.9622335
Massachusetts,1998,4.394238
Massachusetts,1999,3.4007161
Massachusetts,2000,0.94323307
Massachusetts,2001,2.3446183
Massachusetts,2002,1.2466477
Massachusetts,2003,3.4254253
Massachusetts,2004,2.6511631
Massachusetts,2005,2.3425457
Massachusetts,2006,4.3681202
Massachusetts,2007,4.5090151
Massachusetts,2008,2.9370983
Massachusetts,2009,4.2960534
Massachusetts,2010,4.1236296
Massachusetts,2011,2.884233
Massachusetts,2012,1.9560226
Massachusetts,2013,3.2871046
Massachusetts,2014,1.7789875
Massachusetts,2015,2.358407132
Michigan,1976,0.21907701
Michigan,1977,0.54519027
Michigan,1978,0.21697246
Michigan,1979,0.75542802
Michigan,1980,0.32390133
Michigan,1981,1.303032
Michigan,1982,2.1941373
Michigan,1983,2.2104943
Michigan,1984,2.6520948
Michigan,1985,1.4323033
Michigan,1986,5.2586718
Michigan,1987,2.7210944
Michigan,1988,1.5187676
Michigan,1989,1.5129753
Michigan,1990,4.1888371
Michigan,1991,1.7030299
Michigan,1992,1.6894889
Michigan,1993,2.0988033
Michigan,1994,1.6693655
Michigan,1995,1.2422527
Michigan,1996,1.8482049
Michigan,1997,1.328503
Michigan,1998,1.4256285
Michigan,1999,2.6359062
Michigan,2000,1.1052555
Michigan,2001,2.7023997
Michigan,2002,2.3962379
Michigan,2003,2.3901525
Michigan,2004,2.9835012
Michigan,2005,2.1888151
Michigan,2006,2.4910076
Michigan,2007,1.199844
Michigan,2008,3.3176198
Michigan,2009,1.8178898
Michigan,2010,3.0353191
Michigan,2011,2.4300869
Michigan,2012,1.7200629
Michigan,2013,1.9200414
Michigan,2014,1.2109127
Michigan,2015,0.604978062
Minnesota,1976,0.25222716
Minnesota,1977,0
Minnesota,1978,0
Minnesota,1979,0.49378815
Minnesota,1980,0
Minnesota,1981,0
Minnesota,1982,0
Minnesota,1983,1.4487644
Minnesota,1984,0.72155106
Minnesota,1985,0.47797719
Minnesota,1986,1.902402
Minnesota,1987,2.8334365
Minnesota,1988,2.0948892
Minnesota,1989,4.8408737
Minnesota,1990,2.0513849
Minnesota,1991,0.67759401
Minnesota,1992,0.78110754
Minnesota,1993,0.88462108
Minnesota,1994,1.0950432
Minnesota,1995,1.0856726
Minnesota,1996,1.5061148
Minnesota,1997,0.21332286
Minnesota,1998,2.962079
Minnesota,1999,1.6752137
Minnesota,2000,0.81075221
Minnesota,2001,1.605523
Minnesota,2002,1.5939621
Minnesota,2003,0.59363973
Minnesota,2004,1.7689687
Minnesota,2005,0.58598328
Minnesota,2006,1.161989
Minnesota,2007,0.57612538
Minnesota,2008,1.3340906
Minnesota,2009,2.4615617
Minnesota,2010,1.1312388
Minnesota,2011,1.4967651
Minnesota,2012,0
Minnesota,2013,1.1069335
Minnesota,2014,1.099471
Minnesota,2015,0.729602813
Mississippi,1976,0.41156328
Mississippi,1977,0.8132726
Mississippi,1978,3.2156668
Mississippi,1979,0.79774398
Mississippi,1980,3.1737971
Mississippi,1981,5.9077449
Mississippi,1982,4.3022866
Mississippi,1983,0
Mississippi,1984,7.7578015
Mississippi,1985,3.4774544
Mississippi,1986,5.3979025
Mississippi,1987,13.134817
Mississippi,1988,11.238786
Mississippi,1989,9.3230314
Mississippi,1990,4.6558003
Mississippi,1991,2.7014198
Mississippi,1992,5.7467079
Mississippi,1993,9.4856138
Mississippi,1994,7.133605
Mississippi,1995,5.5745711
Mississippi,1996,5.5351982
Mississippi,1997,2.5623848
Mississippi,1998,2.9076846
Mississippi,1999,21.310255
Mississippi,2000,8.0748501
Mississippi,2001,8.4122276
Mississippi,2002,6.9962358
Mississippi,2003,9.413208
Mississippi,2004,4.8459506
Mississippi,2005,1.7206136
Mississippi,2006,2.4096551
Mississippi,2007,8.5372305
Mississippi,2008,5.766993
Mississippi,2009,5.069674
Mississippi,2010,8.0881605
Mississippi,2011,5.707552
Mississippi,2012,3.015146
Mississippi,2013,6.0176315
Mississippi,2014,3.0059316
Mississippi,2015,3.67968047
Missouri,1976,1.0332649
Missouri,1977,0.41125438
Missouri,1978,0.20452407
Missouri,1979,0.20356524
Missouri,1980,0.40677774
Missouri,1981,0.40551007
Missouri,1982,1.0143119
Missouri,1983,2.0227642
Missouri,1984,1.8089434
Missouri,1985,2.5998597
Missouri,1986,2.9862216
Missouri,1987,3.7573912
Missouri,1988,2.9517448
Missouri,1989,4.1210165
Missouri,1990,2.7309773
Missouri,1991,3.2959981
Missouri,1992,1.3477893
Missouri,1993,2.481977
Missouri,1994,4.9231143
Missouri,1995,4.6951795
Missouri,1996,3.9121518
Missouri,1997,4.6235418
Missouri,1998,2.9424963
Missouri,1999,4.754642
Missouri,2000,2.1400712
Missouri,2001,1.7726914
Missouri,2002,2.2908175
Missouri,2003,1.7514975
Missouri,2004,1.7398143
Missouri,2005,3.626755
Missouri,2006,3.423075
Missouri,2007,3.3969641
Missouri,2008,5.2330213
Missouri,2009,4.0261092
Missouri,2010,4.1743684
Missouri,2011,2.3291836
Missouri,2012,3.4872193
Missouri,2013,1.6544869
Missouri,2014,3.1334572
Missouri,2015,0.987458617
Montana,1976,1.320451
Montana,1977,0
Montana,1978,0
Montana,1979,0
Montana,1980,1.2711487
Montana,1981,0
Montana,1982,0
Montana,1983,4.9138179
Montana,1984,4.8726711
Montana,1985,0
Montana,1986,6.1444764
Montana,1987,7.4528327
Montana,1988,6.2484221
Montana,1989,5.0022759
Montana,1990,21.254677
Montana,1991,0
Montana,1992,1.2159001
Montana,1993,0
Montana,1994,3.509088
Montana,1995,0
Montana,1996,0
Montana,1997,1.1380371
Montana,1998,4.5478683
Montana,1999,5.6639318
Montana,2000,17.70356
Montana,2001,3.3077497
Montana,2002,14.259593
Montana,2003,2.1747878
Montana,2004,7.5268087
Montana,2005,1.0637144
Montana,2006,8.3972578
Montana,2007,0
Montana,2008,8.1932373
Montana,2009,7.1139512
Montana,2010,10.106982
Montana,2011,5.0090213
Montana,2012,1.9897726
Montana,2013,4.9253321
Montana,2014,18.562302
Montana,2015,7.751389679
Nebraska,1976,0
Nebraska,1977,0.64232677
Nebraska,1978,0
Nebraska,1979,0
Nebraska,1980,4.4591098
Nebraska,1981,0
Nebraska,1982,0
Nebraska,1983,0.63119757
Nebraska,1984,3.7768154
Nebraska,1985,5.0484014
Nebraska,1986,2.5407634
Nebraska,1987,3.1917272
Nebraska,1988,5.7270851
Nebraska,1989,2.5399084
Nebraska,1990,0
Nebraska,1991,1.8858317
Nebraska,1992,0.62406003
Nebraska,1993,0.62028968
Nebraska,1994,0.61669391
Nebraska,1995,2.4462738
Nebraska,1996,0.60692132
Nebraska,1997,0.60385013
Nebraska,1998,0
Nebraska,1999,0
Nebraska,2000,0
Nebraska,2001,0
Nebraska,2002,0.57860661
Nebraska,2003,1.1503243
Nebraska,2004,1.1432687
Nebraska,2005,2.270792
Nebraska,2006,1.6923432
Nebraska,2007,0
Nebraska,2008,4.4534006
Nebraska,2009,1.1033387
Nebraska,2010,2.1901727
Nebraska,2011,1.0853992
Nebraska,2012,1.6167887
Nebraska,2013,1.6055487
Nebraska,2014,2.6574543
Nebraska,2015,1.584145868
Nevada,1976,1.5456548
Nevada,1977,1.4742022
Nevada,1978,1.3899777
Nevada,1979,3.9196882
Nevada,1980,0
Nevada,1981,2.3594506
Nevada,1982,0
Nevada,1983,2.2173514
Nevada,1984,1.0811722
Nevada,1985,9.4634237
Nevada,1986,2.0395405
Nevada,1987,2.9314625
Nevada,1988,2.7906458
Nevada,1989,1.7584273
Nevada,1990,0
Nevada,1991,3.8908992
Nevada,1992,0
Nevada,1993,0
Nevada,1994,0.6866293
Nevada,1995,0
Nevada,1996,3.7582681
Nevada,1997,0.59680825
Nevada,1998,4.0142908
Nevada,1999,4.9744368
Nevada,2000,2.972151
Nevada,2001,2.3827679
Nevada,2002,2.7601562
Nevada,2003,2.6680303
Nevada,2004,0
Nevada,2005,0
Nevada,2006,1.1892209
Nevada,2007,1.5378287
Nevada,2008,0
Nevada,2009,2.6073968
Nevada,2010,1.4811797
Nevada,2011,2.2031932
Nevada,2012,2.1747561
Nevada,2013,0.71680993
Nevada,2014,0
Nevada,2015,0
New Hampshire,1976,0
New Hampshire,1977,0
New Hampshire,1978,2.2433596
New Hampshire,1979,0
New Hampshire,1980,0
New Hampshire,1981,3.2030032
New Hampshire,1982,7.3861556
New Hampshire,1983,1.0436953
New Hampshire,1984,1.0236839
New Hampshire,1985,3.0097728
New Hampshire,1986,1.9511243
New Hampshire,1987,0
New Hampshire,1988,0.45268533
New Hampshire,1989,0.90537065
New Hampshire,1990,0.89941806
New Hampshire,1991,1.8065869
New Hampshire,1992,0.89865828
New Hampshire,1993,0.89111471
New Hampshire,1994,0.8825736
New Hampshire,1995,0
New Hampshire,1996,0
New Hampshire,1997,0
New Hampshire,1998,0.84329832
New Hampshire,1999,0.83254933
New Hampshire,2000,1.6130593
New Hampshire,2001,0
New Hampshire,2002,3.939831
New Hampshire,2003,2.344043
New Hampshire,2004,0
New Hampshire,2005,1.5402505
New Hampshire,2006,0
New Hampshire,2007,0
New Hampshire,2008,3.0397215
New Hampshire,2009,0.7598207
New Hampshire,2010,0.75960714
New Hampshire,2011,0
New Hampshire,2012,0
New Hampshire,2013,0
New Hampshire,2014,0
New Hampshire,2015,0
New Jersey,1976,1.9074219
New Jersey,1977,1.3629233
New Jersey,1978,2.0405943
New Jersey,1979,1.2217455
New Jersey,1980,3.394516
New Jersey,1981,1.0799909
New Jersey,1982,2.153151
New Jersey,1983,4.0172529
New Jersey,1984,1.8628243
New Jersey,1985,0.79307067
New Jersey,1986,0.91837484
New Jersey,1987,2.079141
New Jersey,1988,3.2399072
New Jersey,1989,4.4006734
New Jersey,1990,2.5782633
New Jersey,1991,1.0277135
New Jersey,1992,1.660754
New Jersey,1993,2.6667039
New Jersey,1994,2.9044805
New Jersey,1995,2.0086572
New Jersey,1996,5.1188445
New Jersey,1997,2.6073418
New Jersey,1998,7.1644387
New Jersey,1999,5.2803431
New Jersey,2000,3.3212266
New Jersey,2001,3.2969608
New Jersey,2002,3.2738428
New Jersey,2003,4.7666659
New Jersey,2004,5.0958009
New Jersey,2005,4.5076437
New Jersey,2006,5.426199
New Jersey,2007,7.1446023
New Jersey,2008,5.6250138
New Jersey,2009,5.0253553
New Jersey,2010,5.3458357
New Jersey,2011,3.1741858
New Jersey,2012,3.0458262
New Jersey,2013,3.3710365
New Jersey,2014,3.6920309
New Jersey,2015,2.574025331
New Mexico,1976,7.5674767
New Mexico,1977,7.4030204
New Mexico,1978,0.80773485
New Mexico,1979,3.113519
New Mexico,1980,0
New Mexico,1981,1.5006565
New Mexico,1982,4.3994074
New Mexico,1983,5.7373991
New Mexico,1984,2.1175673
New Mexico,1985,2.0857086
New Mexico,1986,5.4692254
New Mexico,1987,2.0290561
New Mexico,1988,1.3419757
New Mexico,1989,2.644763
New Mexico,1990,3.9475503
New Mexico,1991,0
New Mexico,1992,3.7956667
New Mexico,1993,3.7153084
New Mexico,1994,3.6290395
New Mexico,1995,0
New Mexico,1996,2.9305747
New Mexico,1997,1.4652873
New Mexico,1998,0
New Mexico,1999,1.9218098
New Mexico,2000,3.8436196
New Mexico,2001,1.0918878
New Mexico,2002,1.077987
New Mexico,2003,1.0652066
New Mexico,2004,2.6263125
New Mexico,2005,1.5525781
New Mexico,2006,3.0578859
New Mexico,2007,1.5074847
New Mexico,2008,2.9840949
New Mexico,2009,4.4186959
New Mexico,2010,3.3994114
New Mexico,2011,1.9210266
New Mexico,2012,1.9179685
New Mexico,2013,0.95909923
New Mexico,2014,5.7538228
New Mexico,2015,5.768321149
New York,1976,1.2262758
New York,1977,1.9087613
New York,1978,0.73526919
New York,1979,2.2179506
New York,1980,2.5629196
New York,1981,2.3907511
New York,1982,2.6720183
New York,1983,3.7881143
New York,1984,6.0296297
New York,1985,8.7119274
New York,1986,3.9812934
New York,1987,5.4844198
New York,1988,8.1933861
New York,1989,5.5607767
New York,1990,4.9436479
New York,1991,5.9901829
New York,1992,1.3272868
New York,1993,6.3943906
New York,1994,5.8931413
New York,1995,4.3524013
New York,1996,4.5194502
New York,1997,5.4565897
New York,1998,4.9561653
New York,1999,3.6820066
New York,2000,4.262754
New York,2001,3.5634184
New York,2002,4.2847142
New York,2003,3.2853739
New York,2004,3.9641972
New York,2005,4.2858787
New York,2006,2.6695142
New York,2007,2.2997758
New York,2008,2.4983864
New York,2009,1.9681879
New York,2010,1.909372
New York,2011,2.6714342
New York,2012,2.9125767
New York,2013,1.3230811
New York,2014,2.3295622
New York,2015,3.443529135
North Carolina,1976,0.17831796
North Carolina,1977,0
North Carolina,1978,0.17362648
North Carolina,1979,0.17171833
North Carolina,1980,0
North Carolina,1981,0.67151839
North Carolina,1982,1.1629646
North Carolina,1983,2.4682989
North Carolina,1984,5.678122
North Carolina,1985,3.03808
North Carolina,1986,2.2146363
North Carolina,1987,2.0300763
North Carolina,1988,2.7775249
North Carolina,1989,3.1985574
North Carolina,1990,1.3519623
North Carolina,1991,3.4083517
North Carolina,1992,0.58549297
North Carolina,1993,1.1515082
North Carolina,1994,0.99136662
North Carolina,1995,1.8092242
North Carolina,1996,0.82105625
North Carolina,1997,2.8268855
North Carolina,1998,2.1203763
North Carolina,1999,1.8298764
North Carolina,2000,1.1136395
North Carolina,2001,1.5834117
North Carolina,2002,2.4020562
North Carolina,2003,2.3745918
North Carolina,2004,2.9228997
North Carolina,2005,1.4933243
North Carolina,2006,2.6914067
North Carolina,2007,2.85149
North Carolina,2008,1.8261014
North Carolina,2009,0.95242429
North Carolina,2010,1.8876868
North Carolina,2011,1.3462574
North Carolina,2012,0.41016933
North Carolina,2013,1.929314
North Carolina,2014,1.0056356
North Carolina,2015,1.694039353
North Dakota,1976,0
North Dakota,1977,0
North Dakota,1978,0
North Dakota,1979,1.5316375
North Dakota,1980,0
North Dakota,1981,0
North Dakota,1982,0
North Dakota,1983,5.9111438
North Dakota,1984,0
North Dakota,1985,0
North Dakota,1986,0
North Dakota,1987,0
North Dakota,1988,9.1556787
North Dakota,1989,9.2828817
North Dakota,1990,6.2758489
North Dakota,1991,3.1535842
North Dakota,1992,3.1474898
North Dakota,1993,4.7078838
North Dakota,1994,12.50465
North Dakota,1995,15.587298
North Dakota,1996,6.2222137
North Dakota,1997,7.8009815
North Dakota,1998,9.4072199
North Dakota,1999,0
North Dakota,2000,3.1151533
North Dakota,2001,3.1295867
North Dakota,2002,7.8349276
North Dakota,2003, 
North Dakota,2004,7.7554851
North Dakota,2005,13.92997
North Dakota,2006,3.0796616
North Dakota,2007,9.1908665
North Dakota,2008,6.0830116
North Dakota,2009,0
North Dakota,2010,8.9207258
North Dakota,2011,2.9242673
North Dakota,2012,2.8586621
North Dakota,2013,0
North Dakota,2014,4.0568938
North Dakota,2015,1.321291959
Ohio,1976,1.3019986
Ohio,1977,2.1352842
Ohio,1978,1.2041943
Ohio,1979,3.0560367
Ohio,1980,1.2039713
Ohio,1981,0.37077203
Ohio,1982,0.27888557
Ohio,1983,1.3969603
Ohio,1984,2.5145049
Ohio,1985,3.4467018
Ohio,1986,2.7026272
Ohio,1987,4.4609251
Ohio,1988,4.4450207
Ohio,1989,4.7094893
Ohio,1990,5.7080779
Ohio,1991,3.1096518
Ohio,1992,3.2704678
Ohio,1993,5.5101895
Ohio,1994,3.599874
Ohio,1995,2.7788982
Ohio,1996,3.3967998
Ohio,1997,3.5674469
Ohio,1998,8.8985386
Ohio,1999,4.797143
Ohio,2000,4.9280591
Ohio,2001,4.4786344
Ohio,2002,4.3829274
Ohio,2003,3.2357366
Ohio,2004,5.0644851
Ohio,2005,4.2745109
Ohio,2006,3.7452531
Ohio,2007,4.2606845
Ohio,2008,3.2130885
Ohio,2009,4.8573585
Ohio,2010,5.6342912
Ohio,2011,2.6851451
Ohio,2012,2.1655896
Ohio,2013,1.6420645
Ohio,2014,1.8112504
Ohio,2015,2.585072585
Oklahoma,1976,0
Oklahoma,1977,0
Oklahoma,1978,1.371112
Oklahoma,1979,1.6804972
Oklahoma,1980,2.6443746
Oklahoma,1981,20.024805
Oklahoma,1982,20.273727
Oklahoma,1983,12.156577
Oklahoma,1984,13.08769
Oklahoma,1985,1.8341163
Oklahoma,1986,0.30743313
Oklahoma,1987,0.62302965
Oklahoma,1988,1.263001
Oklahoma,1989,2.8568616
Oklahoma,1990,0.95325857
Oklahoma,1991,0.3158091
Oklahoma,1992,2.184653
Oklahoma,1993,4.9553552
Oklahoma,1994,2.1564205
Oklahoma,1995,2.7560441
Oklahoma,1996,2.1278989
Oklahoma,1997,2.4138119
Oklahoma,1998,3.293926
Oklahoma,1999,3.573513
Oklahoma,2000,2.6054029
Oklahoma,2001,3.4611058
Oklahoma,2002,2.0062594
Oklahoma,2003,1.1412627
Oklahoma,2004,1.1346778
Oklahoma,2005,5.9178267
Oklahoma,2006,3.6170492
Oklahoma,2007,2.4763713
Oklahoma,2008,5.9962168
Oklahoma,2009,5.9178443
Oklahoma,2010,3.7319899
Oklahoma,2011,6.3299317
Oklahoma,2012,6.8155246
Oklahoma,2013,5.7134399
Oklahoma,2014,4.3836465
Oklahoma,2015,5.118474776
Oregon,1976,0
Oregon,1977,0
Oregon,1978,0.39709327
Oregon,1979,0
Oregon,1980,0
Oregon,1981,0
Oregon,1982,0
Oregon,1983,2.2615309
Oregon,1984,3.0000863
Oregon,1985,1.1224815
Oregon,1986,0.3726435
Oregon,1987,0.74046922
Oregon,1988,0
Oregon,1989,2.1500983
Oregon,1990,1.7491386
Oregon,1991,0
Oregon,1992,1.6812769
Oregon,1993,0.32954466
Oregon,1994,0.64784884
Oregon,1995,1.9099643
Oregon,1996,0
Oregon,1997,0
Oregon,1998,0.30468762
Oregon,1999,0.90466356
Oregon,2000,1.1662793
Oregon,2001,0.86506689
Oregon,2002,0.28462297
Oregon,2003,0.84569454
Oregon,2004,0
Oregon,2005,1.107052
Oregon,2006,1.6344855
Oregon,2007,2.9550669
Oregon,2008,0.79601991
Oregon,2009,1.3128184
Oregon,2010,0.26102367
Oregon,2011,1.8079166
Oregon,2012,0.51290601
Oregon,2013,0.76334715
Oregon,2014,0.75562185
Oregon,2015,0.745409396
Pennsylvania,1976,3.1939752
Pennsylvania,1977,6.0536761
Pennsylvania,1978,2.6095593
Pennsylvania,1979,1.7664872
Pennsylvania,1980,1.1800504
Pennsylvania,1981,2.0238476
Pennsylvania,1982,2.0261543
Pennsylvania,1983,4.0548415
Pennsylvania,1984,5.3321147
Pennsylvania,1985,3.3982108
Pennsylvania,1986,2.8006926
Pennsylvania,1987,3.9793749
Pennsylvania,1988,5.1495047
Pennsylvania,1989,4.4665432
Pennsylvania,1990,2.9422643
Pennsylvania,1991,4.0190234
Pennsylvania,1992,2.3370726
Pennsylvania,1993,3.9094667
Pennsylvania,1994,1.6607847
Pennsylvania,1995,3.5700054
Pennsylvania,1996,2.4090381
Pennsylvania,1997,4.2443762
Pennsylvania,1998,2.9994252
Pennsylvania,1999,4.7523761
Pennsylvania,2000,4.1516743
Pennsylvania,2001,4.959753
Pennsylvania,2002,5.8389425
Pennsylvania,2003,5.9799428
Pennsylvania,2004,3.303601
Pennsylvania,2005,4.5783134
Pennsylvania,2006,5.3553729
Pennsylvania,2007,3.1837249
Pennsylvania,2008,2.8543565
Pennsylvania,2009,3.2367826
Pennsylvania,2010,2.4404836
Pennsylvania,2011,2.9035776
Pennsylvania,2012,3.6823754
Pennsylvania,2013,3.0531244
Pennsylvania,2014,4.0665665
Pennsylvania,2015,3.830547821
Rhode Island,1976,0
Rhode Island,1977,0
Rhode Island,1978,0
Rhode Island,1979,0
Rhode Island,1980,0
Rhode Island,1981,4.1972146
Rhode Island,1982,0
Rhode Island,1983,2.0912147
Rhode Island,1984,8.316925
Rhode Island,1985,1.0320396
Rhode Island,1986,1.0231843
Rhode Island,1987,6.0630312
Rhode Island,1988,2.00721
Rhode Island,1989,0.99933046
Rhode Island,1990,5.972229
Rhode Island,1991,3.9841034
Rhode Island,1992,0
Rhode Island,1993,2.0043054
Rhode Island,1994,6.0397902
Rhode Island,1995,6.0654893
Rhode Island,1996,0
Rhode Island,1997,2.0264122
Rhode Island,1998,1.012449
Rhode Island,1999,3.0277982
Rhode Island,2000,4.7606807
Rhode Island,2001,1.891897
Rhode Island,2002,5.6285706
Rhode Island,2003,0
Rhode Island,2004,1.8611922
Rhode Island,2005,3.745599
Rhode Island,2006,1.8812906
Rhode Island,2007,0.94579643
Rhode Island,2008,1.8957345
Rhode Island,2009,0.94908178
Rhode Island,2010,2.8501668
Rhode Island,2011,7.6096263
Rhode Island,2012,1.904236
Rhode Island,2013,7.6081066
Rhode Island,2014,0
Rhode Island,2015,2.841966755
South Carolina,1976,6.4545498
South Carolina,1977,5.013905
South Carolina,1978,2.62781
South Carolina,1979,3.2359631
South Carolina,1980,3.5235856
South Carolina,1981,7.8634896
South Carolina,1982,2.4940689
South Carolina,1983,6.8025737
South Carolina,1984,2.7507205
South Carolina,1985,4.2383018
South Carolina,1986,8.6754656
South Carolina,1987,4.4372001
South Carolina,1988,8.20609
South Carolina,1989,2.3142991
South Carolina,1990,2.0005374
South Carolina,1991,0
South Carolina,1992,5.5546608
South Carolina,1993,7.1536465
South Carolina,1994,6.0003381
South Carolina,1995,1.3513733
South Carolina,1996,1.0698134
South Carolina,1997,1.5830842
South Carolina,1998,3.385787
South Carolina,1999,2.8308637
South Carolina,2000,3.2304397
South Carolina,2001,1.9680197
South Carolina,2002,1.2171996
South Carolina,2003,1.9275715
South Carolina,2004,1.8998224
South Carolina,2005,0
South Carolina,2006,0.68841285
South Carolina,2007,0.90006775
South Carolina,2008,1.7663944
South Carolina,2009,1.5250976
South Carolina,2010,0.43239877
South Carolina,2011,2.3508141
South Carolina,2012,0.42339513
South Carolina,2013,1.0471555
South Carolina,2014,0.82773232
South Carolina,2015,0.61289106
South Dakota,1976,0
South Dakota,1977,0
South Dakota,1978,0
South Dakota,1979,2.9055619
South Dakota,1980,0
South Dakota,1981,0
South Dakota,1982,0
South Dakota,1983,2.8859696
South Dakota,1984,15.776286
South Dakota,1985,4.2955203
South Dakota,1986,20.11396
South Dakota,1987,8.620244
South Dakota,1988,4.2969785
South Dakota,1989,2.870672
South Dakota,1990,10.047842
South Dakota,1991,0
South Dakota,1992,2.8220766
South Dakota,1993,1.396145
South Dakota,1994,1.3830532
South Dakota,1995,8.2389174
South Dakota,1996,8.2113152
South Dakota,1997,9.5778236
South Dakota,1998,9.5786886
South Dakota,1999,1.364009
South Dakota,2000,2.6460485
South Dakota,2001,2.6386199
South Dakota,2002,5.2630196
South Dakota,2003,3.9280949
South Dakota,2004,2.5960674
South Dakota,2005,3.8685069
South Dakota,2006,16.60211
South Dakota,2007,5.0529103
South Dakota,2008,13.765073
South Dakota,2009,9.9124365
South Dakota,2010,11.054067
South Dakota,2011,9.7077723
South Dakota,2012,10.799732
South Dakota,2013,3.5508127
South Dakota,2014,4.6883698
South Dakota,2015,6.993667234
Tennessee,1976,0.69014221
Tennessee,1977,2.7131398
Tennessee,1978,1.1145017
Tennessee,1979,2.1927564
Tennessee,1980,1.7424942
Tennessee,1981,3.241379
Tennessee,1982,3.0133188
Tennessee,1983,21.889585
Tennessee,1984,3.8406227
Tennessee,1985,8.6950989
Tennessee,1986,3.5874743
Tennessee,1987,5.0178447
Tennessee,1988,6.6356449
Tennessee,1989,8.0338821
Tennessee,1990,15.53992
Tennessee,1991,2.2236192
Tennessee,1992,0.99720782
Tennessee,1993,5.1124039
Tennessee,1994,5.2294974
Tennessee,1995,3.8159418
Tennessee,1996,3.5757437
Tennessee,1997,3.7185574
Tennessee,1998,1.2884985
Tennessee,1999,4.0120068
Tennessee,2000,1.9285659
Tennessee,2001,2.6083374
Tennessee,2002,3.6232383
Tennessee,2003,4.2751045
Tennessee,2004,5.0754466
Tennessee,2005,6.0089536
Tennessee,2006,5.7482872
Tennessee,2007,6.8008156
Tennessee,2008,1.920796
Tennessee,2009,3.3301511
Tennessee,2010,3.309119
Tennessee,2011,2.6548603
Tennessee,2012,4.8015561
Tennessee,2013,4.6182408
Tennessee,2014,4.733294
Tennessee,2015,5.155376998
Texas,1976,1.3949054
Texas,1977,0.75797772
Texas,1978,0.96293443
Texas,1979,0.93603295
Texas,1980,0.84333622
Texas,1981,2.0344086
Texas,1982,2.2828965
Texas,1983,2.4759233
Texas,1984,2.7487803
Texas,1985,1.0446945
Texas,1986,1.690709
Texas,1987,1.8650206
Texas,1988,2.9399412
Texas,1989,2.6775036
Texas,1990,1.2320546
Texas,1991,0.46136367
Texas,1992,0.90648991
Texas,1993,2.6115754
Texas,1994,2.2902887
Texas,1995,3.6403155
Texas,1996,2.3676484
Texas,1997,3.3065708
Texas,1998,2.688663
Texas,1999,2.4944997
Texas,2000,1.432357
Texas,2001,2.2514493
Texas,2002,2.0285566
Texas,2003,3.2227461
Texas,2004,2.6792891
Texas,2005,3.0292253
Texas,2006,2.0976386
Texas,2007,2.3078215
Texas,2008,4.607347
Texas,2009,3.9916458
Texas,2010,2.8633239
Texas,2011,3.4274986
Texas,2012,3.8757906
Texas,2013,6.2764196
Texas,2014,3.4128428
Texas,2015,3.317579207
Utah,1976,0
Utah,1977,0
Utah,1978,1.4625121
Utah,1979,0.70410633
Utah,1980,1.6717758
Utah,1981,2.6394453
Utah,1982,0
Utah,1983,3.1349142
Utah,1984,0
Utah,1985,4.2607327
Utah,1986,1.2027688
Utah,1987,0.59590495
Utah,1988,2.0565962
Utah,1989,3.5172875
Utah,1990,3.4687696
Utah,1991,0
Utah,1992,0
Utah,1993,0
Utah,1994,0
Utah,1995,0
Utah,1996,0
Utah,1997,2.4208386
Utah,1998,0.95212704
Utah,1999,2.3475943
Utah,2000,0.89106703
Utah,2001,0.87576413
Utah,2002,3.4411414
Utah,2003,2.1185184
Utah,2004,0
Utah,2005,2.441287
Utah,2006,0.39595962
Utah,2007,2.6946397
Utah,2008,1.8775605
Utah,2009,1.1015562
Utah,2010,0.3618089
Utah,2011,0.70991969
Utah,2012,0.35022712
Utah,2013,1.0341725
Utah,2014,0
Utah,2015,0
Vermont,1976,0
Vermont,1977,0
Vermont,1978,2.0075927
Vermont,1979,0
Vermont,1980,0
Vermont,1981,0
Vermont,1982,1.9263777
Vermont,1983,0
Vermont,1984,0
Vermont,1985,0
Vermont,1986,0
Vermont,1987,0
Vermont,1988,0
Vermont,1989,1.7930562
Vermont,1990,0
Vermont,1991,5.28969
Vermont,1992,0
Vermont,1993,1.7421482
Vermont,1994,1.727414
Vermont,1995,3.43155
Vermont,1996,0
Vermont,1997,0
Vermont,1998,1.6932535
Vermont,1999,3.3684778
Vermont,2000,3.2807431
Vermont,2001,3.2667835
Vermont,2002,0
Vermont,2003,4.8554845
Vermont,2004,0
Vermont,2005,3.2194972
Vermont,2006,0
Vermont,2007,1.6038982
Vermont,2008,8.0108824
Vermont,2009,0
Vermont,2010,3.1962106
Vermont,2011,7.9817252
Vermont,2012,4.7922482
Vermont,2013,1.5958381
Vermont,2014,3.1920226
Vermont,2015,1.59721956
Virginia,1976,0.78096628
Virginia,1977,0.96281421
Virginia,1978,0.37948936
Virginia,1979,0.18839701
Virginia,1980,0.18702705
Virginia,1981,3.3063316
Virginia,1982,2.3667433
Virginia,1983,0.5391165
Virginia,1984,1.0631003
Virginia,1985,0
Virginia,1986,4.3016672
Virginia,1987,6.7427816
Virginia,1988,5.4663725
Virginia,1989,8.9865608
Virginia,1990,5.47193
Virginia,1991,8.9117336
Virginia,1992,5.1697316
Virginia,1993,2.9389973
Virginia,1994,2.1417305
Virginia,1995,2.1207654
Virginia,1996,1.2002119
Virginia,1997,1.6337733
Virginia,1998,5.0079317
Virginia,1999,3.6374695
Virginia,2000,4.0811615
Virginia,2001,3.4730134
Virginia,2002,4.1169939
Virginia,2003,1.4931492
Virginia,2004,4.9494486
Virginia,2005,3.2994153
Virginia,2006,6.6460509
Virginia,2007,4.6445618
Virginia,2008,9.4466076
Virginia,2009,7.8224158
Virginia,2010,7.749012
Virginia,2011,7.0399923
Virginia,2012,5.0086308
Virginia,2013,6.7793245
Virginia,2014,4.5638576
Virginia,2015,5.736420787
Washington,1976,0
Washington,1977,0.26482701
Washington,1978,0
Washington,1979,0.49780592
Washington,1980,0.48400837
Washington,1981,0.23608682
Washington,1982,0
Washington,1983,0.69763058
Washington,1984,2.7626472
Washington,1985,0
Washington,1986,0
Washington,1987,0.44131601
Washington,1988,0
Washington,1989,0.21068954
Washington,1990,3.4688356
Washington,1991,1.3962469
Washington,1992,0.19459
Washington,1993,0.19055967
Washington,1994,0.74977976
Washington,1995,3.130167
Washington,1996,1.4519162
Washington,1997,1.2490855
Washington,1998,1.7581397
Washington,1999,1.9109298
Washington,2000,2.8762324
Washington,2001,1.6706429
Washington,2002,0.99135047
Washington,2003,0.49147132
Washington,2004,2.9132578
Washington,2005,2.07757
Washington,2006,0.31393477
Washington,2007,1.392846
Washington,2008,1.8286467
Washington,2009,0.44994849
Washington,2010,1.1896725
Washington,2011,1.0248842
Washington,2012,1.0149325
Washington,2013,0.717215
Washington,2014,1.1328989
Washington,2015,0.698295739
West Virginia,1976,1.0641128
West Virginia,1977,0
West Virginia,1978,3.6393886
West Virginia,1979,3.0893598
West Virginia,1980,0.51291519
West Virginia,1981,0
West Virginia,1982,1.5387772
West Virginia,1983,1.0282459
West Virginia,1984,7.2625408
West Virginia,1985,4.1954446
West Virginia,1986,4.2500067
West Virginia,1987,2.6916742
West Virginia,1988,4.9174685
West Virginia,1989,6.6424217
West Virginia,1990,8.3682938
West Virginia,1991,2.7805429
West Virginia,1992,1.1077509
West Virginia,1993,2.753031
West Virginia,1994,0
West Virginia,1995,2.7464077
West Virginia,1996,1.649276
West Virginia,1997,1.6523554
West Virginia,1998,4.9677372
West Virginia,1999,3.3205492
West Virginia,2000,3.3203838
West Virginia,2001,1.6652974
West Virginia,2002,2.2155633
West Virginia,2003,4.4142804
West Virginia,2004,5.5052738
West Virginia,2005,9.3381453
West Virginia,2006,4.923656
West Virginia,2007,1.0904828
West Virginia,2008,3.2603202
West Virginia,2009,2.1647599
West Virginia,2010,4.8570147
West Virginia,2011,2.6948948
West Virginia,2012,3.7727511
West Virginia,2013,5.9321575
West Virginia,2014,11.889771
West Virginia,2015,2.715837078
Wisconsin,1976,0.21758524
Wisconsin,1977,1.5130196
Wisconsin,1978,0.43046764
Wisconsin,1979,0.21354699
Wisconsin,1980,0.42501014
Wisconsin,1981,0.4231604
Wisconsin,1982,2.3261371
Wisconsin,1983,3.8123963
Wisconsin,1984,2.1116827
Wisconsin,1985,1.6850016
Wisconsin,1986,0.63083255
Wisconsin,1987,3.9766259
Wisconsin,1988,1.8662945
Wisconsin,1989,2.0590663
Wisconsin,1990,1.42791
Wisconsin,1991,0.80764514
Wisconsin,1992,1.398702
Wisconsin,1993,1.3846799
Wisconsin,1994,0.1962516
Wisconsin,1995,1.362663
Wisconsin,1996,1.7395238
Wisconsin,1997,1.1537951
Wisconsin,1998,2.1064241
Wisconsin,1999,0.76183945
Wisconsin,2000,2.2329736
Wisconsin,2001,2.4043663
Wisconsin,2002,1.8364934
Wisconsin,2003,2.0075924
Wisconsin,2004,2.3576224
Wisconsin,2005,3.6060922
Wisconsin,2006,2.8685915
Wisconsin,2007,2.1387439
Wisconsin,2008,1.0636412
Wisconsin,2009,1.5875088
Wisconsin,2010,1.2308795
Wisconsin,2011,1.7507708
Wisconsin,2012,2.4448171
Wisconsin,2013,2.2637396
Wisconsin,2014,1.3894775
Wisconsin,2015,1.213615167
Wyoming,1976,0
Wyoming,1977,0
Wyoming,1978,0
Wyoming,1979,0
Wyoming,1980,0
Wyoming,1981,0
Wyoming,1982,0
Wyoming,1983,3.9189177
Wyoming,1984,1.980606
Wyoming,1985,2.0012207
Wyoming,1986,6.0528655
Wyoming,1987,12.579539
Wyoming,1988,8.6002827
Wyoming,1989,13.089747
Wyoming,1990,11.027765
Wyoming,1991,2.1846511
Wyoming,1992,2.1575391
Wyoming,1993,2.1320462
Wyoming,1994,8.4213715
Wyoming,1995,0
Wyoming,1996,6.2488933
Wyoming,1997,6.2495966
Wyoming,1998,0
Wyoming,1999,2.0850623
Wyoming,2000,2.0230629
Wyoming,2001,0
Wyoming,2002,0
Wyoming,2003,3.9725654
Wyoming,2004,1.9642274
Wyoming,2005,15.55945
Wyoming,2006,0
Wyoming,2007,1.8695922
Wyoming,2008,1.8313576
Wyoming,2009,3.5723791
Wyoming,2010,1.7742262
Wyoming,2011,8.8003693
Wyoming,2012,5.2046108
Wyoming,2013,5.148818
Wyoming,2014,0
Wyoming,2015,0
