State,Year,Corrupt* or Fraud* or Bribe*,Politic*,CRI
Alabama,1977,11,48,0.229167
Alabama,1978,21,88,0.238636
Alabama,1979,44,118,0.372881
Alabama,1980,75,358,0.209497
Alabama,1981,56,157,0.356688
Alabama,1982,66,213,0.309859
Alabama,1983,29,164,0.176829
Alabama,1984,51,484,0.105372
Alabama,1985,73,205,0.356098
Alabama,1986,120,355,0.338028
Alabama,1987,48,250,0.192
Alabama,1988,115,345,0.333333
Alabama,1989,75,204,0.367647
Alabama,1990,99,264,0.375
Alabama,1991,112,181,0.618785
Alabama,1992,64,257,0.249027
Alabama,1993,54,184,0.293478
Alabama,1994,3,19,0.157895
Alabama,1995,25,61,0.409836
Alabama,1996,53,274,0.193431
Alabama,1997,57,147,0.387755
Alabama,1998,47,208,0.225962
Alabama,1999,44,166,0.26506
Alabama,2000,87,373,0.233244
Alabama,2001,12,40,0.3
Alabama,2002,101,214,0.471963
Alabama,2003,233,174,1.33908
Alabama,2004,142,197,0.720812
Alabama,2005,401,223,1.79821
Alabama,2006,226,252,0.896825
Alabama,2007,169,212,0.79717
Alabama,2008,215,311,0.691318
Alabama,2009,129,142,0.908451
Alabama,2010,45,128,0.351563
Alabama,2011,87,134,0.649254
Alabama,2012,37,195,0.189744
Alabama,2013,56,146,0.383562
Alaska,1977,7,36,0.194444
Alaska,1978,8,34,0.235294
Alaska,1979,5,107,0.046729
Alaska,1980,14,198,0.070707
Alaska,1981,4,121,0.033058
Alaska,1982,20,159,0.125786
Alaska,1983,9,108,0.083333
Alaska,1984,8,141,0.056738
Alaska,1985,7,121,0.057851
Alaska,1986,30,129,0.232558
Alaska,1987,14,113,0.123894
Alaska,1988,27,169,0.159763
Alaska,1989,48,222,0.216216
Alaska,1990,13,173,0.075145
Alaska,1991,15,134,0.11194
Alaska,1992,28,178,0.157303
Alaska,1993,30,119,0.252101
Alaska,1994,7,22,0.318182
Alaska,1995,3,68,0.044118
Alaska,1996,15,178,0.08427
Alaska,1997,13,131,0.099237
Alaska,1998,11,119,0.092437
Alaska,1999,20,196,0.102041
Alaska,2000,17,291,0.058419
Alaska,2001,12,46,0.26087
Alaska,2002,19,215,0.088372
Alaska,2003,24,290,0.082759
Alaska,2004,19,239,0.079498
Alaska,2005,22,243,0.090535
Alaska,2006,122,248,0.491935
Alaska,2007,170,246,0.691057
Alaska,2008,281,873,0.321879
Alaska,2009,96,328,0.292683
Alaska,2010,60,470,0.12766
Alaska,2011,22,246,0.089431
Alaska,2012,26,130,0.2
Alaska,2013,7,87,0.08046
Arizona,1977,58,65,0.892308
Arizona,1978,10,29,0.344828
Arizona,1979,23,68,0.338235
Arizona,1980,49,157,0.312102
Arizona,1981,121,173,0.699422
Arizona,1982,38,142,0.267606
Arizona,1983,83,108,0.768519
Arizona,1984,44,207,0.21256
Arizona,1985,93,220,0.422727
Arizona,1986,45,240,0.1875
Arizona,1987,82,339,0.241888
Arizona,1988,246,528,0.465909
Arizona,1989,180,203,0.886699
Arizona,1990,180,366,0.491803
Arizona,1991,162,227,0.713656
Arizona,1992,170,249,0.682731
Arizona,1993,76,183,0.415301
Arizona,1994,9,24,0.375
Arizona,1995,23,103,0.223301
Arizona,1996,84,526,0.159696
Arizona,1997,153,221,0.692308
Arizona,1998,96,209,0.45933
Arizona,1999,125,673,0.185736
Arizona,2000,70,1729,0.040486
Arizona,2001,25,41,0.609756
Arizona,2002,125,283,0.441696
Arizona,2003,86,270,0.318519
Arizona,2004,69,497,0.138833
Arizona,2005,81,236,0.34322
Arizona,2006,173,491,0.352342
Arizona,2007,161,862,0.186775
Arizona,2008,281,1610,0.174534
Arizona,2009,111,242,0.458678
Arizona,2010,93,518,0.179537
Arizona,2011,93,620,0.15
Arizona,2012,70,508,0.137795
Arizona,2013,44,289,0.152249
Arkansas,1977,4,10,0.4
Arkansas,1978,9,24,0.375
Arkansas,1979,3,54,0.055556
Arkansas,1980,49,189,0.259259
Arkansas,1981,17,61,0.278689
Arkansas,1982,28,98,0.285714
Arkansas,1983,18,79,0.227848
Arkansas,1984,20,203,0.098522
Arkansas,1985,34,106,0.320755
Arkansas,1986,40,117,0.34188
Arkansas,1987,42,170,0.247059
Arkansas,1988,26,330,0.078788
Arkansas,1989,45,101,0.445545
Arkansas,1990,35,115,0.304348
Arkansas,1991,30,342,0.087719
Arkansas,1992,101,2688,0.037574
Arkansas,1993,31,393,0.07888
Arkansas,1994,14,99,0.141414
Arkansas,1995,60,112,0.535714
Arkansas,1996,408,740,0.551351
Arkansas,1997,180,319,0.564263
Arkansas,1998,269,401,0.670823
Arkansas,1999,110,224,0.491071
Arkansas,2000,84,375,0.224
Arkansas,2001,24,47,0.510638
Arkansas,2002,59,223,0.264574
Arkansas,2003,63,179,0.351955
Arkansas,2004,112,521,0.214971
Arkansas,2005,72,170,0.423529
Arkansas,2006,136,271,0.501845
Arkansas,2007,113,578,0.195502
Arkansas,2008,182,767,0.237288
Arkansas,2009,59,123,0.479675
Arkansas,2010,22,276,0.07971
Arkansas,2011,30,133,0.225564
Arkansas,2012,27,104,0.259615
Arkansas,2013,34,128,0.265625
California,1977,123,381,0.322835
California,1978,133,472,0.28178
California,1979,314,1416,0.221751
California,1980,405,3000,0.135
California,1981,420,1217,0.345111
California,1982,428,1663,0.257366
California,1983,467,2160,0.216204
California,1984,563,3000,0.187667
California,1985,538,1593,0.337728
California,1986,649,1766,0.367497
California,1987,557,1752,0.317922
California,1988,838,3000,0.279333
California,1989,1057,2047,0.516365
California,1990,849,2317,0.366422
California,1991,774,1983,0.390318
California,1992,799,3000,0.266333
California,1993,615,1732,0.355081
California,1994,60,201,0.298507
California,1995,341,1002,0.340319
California,1996,841,3000,0.280333
California,1997,706,1853,0.381004
California,1998,817,2064,0.395833
California,1999,689,2002,0.344156
California,2000,1287,3000,0.429
California,2001,168,394,0.426396
California,2002,831,1834,0.453108
California,2003,826,2761,0.299167
California,2004,732,2429,0.301359
California,2005,854,2035,0.419656
California,2006,1127,1915,0.588512
California,2007,950,2161,0.439611
California,2008,836,2322,0.360034
California,2009,696,1321,0.526874
California,2010,558,1523,0.366382
California,2011,571,1502,0.38016
California,2012,476,1351,0.352332
California,2013,396,1262,0.313788
Colorado,1977,13,57,0.22807
Colorado,1978,10,61,0.163934
Colorado,1979,23,138,0.166667
Colorado,1980,55,261,0.210728
Colorado,1981,26,219,0.118721
Colorado,1982,40,252,0.15873
Colorado,1983,52,399,0.130326
Colorado,1984,70,1079,0.064875
Colorado,1985,59,235,0.251064
Colorado,1986,55,365,0.150685
Colorado,1987,48,575,0.083478
Colorado,1988,74,518,0.142857
Colorado,1989,95,296,0.320946
Colorado,1990,114,379,0.300792
Colorado,1991,59,349,0.169054
Colorado,1992,70,453,0.154525
Colorado,1993,68,323,0.210526
Colorado,1994,11,44,0.25
Colorado,1995,31,180,0.172222
Colorado,1996,64,600,0.106667
Colorado,1997,63,216,0.291667
Colorado,1998,68,299,0.227425
Colorado,1999,147,410,0.358537
Colorado,2000,109,416,0.262019
Colorado,2001,20,69,0.289855
Colorado,2002,119,325,0.366154
Colorado,2003,116,289,0.401384
Colorado,2004,203,515,0.394175
Colorado,2005,130,226,0.575221
Colorado,2006,259,405,0.639506
Colorado,2007,222,279,0.795699
Colorado,2008,205,558,0.367384
Colorado,2009,112,185,0.605405
Colorado,2010,64,251,0.25498
Colorado,2011,44,151,0.291391
Colorado,2012,51,527,0.096774
Colorado,2013,41,267,0.153558
Connecticut,1977,7,42,0.166667
Connecticut,1978,15,71,0.211268
Connecticut,1979,43,225,0.191111
Connecticut,1980,43,489,0.087935
Connecticut,1981,78,249,0.313253
Connecticut,1982,41,223,0.183857
Connecticut,1983,82,153,0.535948
Connecticut,1984,152,354,0.429379
Connecticut,1985,161,171,0.94152
Connecticut,1986,98,201,0.487562
Connecticut,1987,97,326,0.297546
Connecticut,1988,165,490,0.336735
Connecticut,1989,158,324,0.487654
Connecticut,1990,102,329,0.31003
Connecticut,1991,73,328,0.222561
Connecticut,1992,117,440,0.265909
Connecticut,1993,101,268,0.376866
Connecticut,1994,5,19,0.263158
Connecticut,1995,32,138,0.231884
Connecticut,1996,72,544,0.132353
Connecticut,1997,48,259,0.185328
Connecticut,1998,94,242,0.38843
Connecticut,1999,97,273,0.355311
Connecticut,2000,92,1149,0.08007
Connecticut,2001,26,74,0.351351
Connecticut,2002,174,444,0.391892
Connecticut,2003,158,790,0.2
Connecticut,2004,246,549,0.448087
Connecticut,2005,169,323,0.52322
Connecticut,2006,215,538,0.399628
Connecticut,2007,212,539,0.393321
Connecticut,2008,224,439,0.510251
Connecticut,2009,142,321,0.442368
Connecticut,2010,95,308,0.308442
Connecticut,2011,68,158,0.43038
Connecticut,2012,60,251,0.239044
Connecticut,2013,75,395,0.189873
Delaware,1977,2,14,0.142857
Delaware,1978,8,29,0.275862
Delaware,1979,20,50,0.4
Delaware,1980,22,98,0.22449
Delaware,1981,19,74,0.256757
Delaware,1982,17,78,0.217949
Delaware,1983,16,77,0.207792
Delaware,1984,17,135,0.125926
Delaware,1985,31,79,0.392405
Delaware,1986,30,165,0.181818
Delaware,1987,25,656,0.03811
Delaware,1988,33,377,0.087533
Delaware,1989,26,82,0.317073
Delaware,1990,26,99,0.262626
Delaware,1991,24,133,0.180451
Delaware,1992,28,172,0.162791
Delaware,1993,25,120,0.208333
Delaware,1994,3,6,0.5
Delaware,1995,16,64,0.25
Delaware,1996,14,199,0.070352
Delaware,1997,13,130,0.1
Delaware,1998,34,94,0.361702
Delaware,1999,18,182,0.098901
Delaware,2000,27,461,0.058568
Delaware,2001,9,9,1
Delaware,2002,78,98,0.795918
Delaware,2003,36,138,0.26087
Delaware,2004,34,141,0.241135
Delaware,2005,31,165,0.187879
Delaware,2006,77,157,0.490446
Delaware,2007,50,309,0.161812
Delaware,2008,73,337,0.216617
Delaware,2009,47,59,0.79661
Delaware,2010,50,172,0.290698
Delaware,2011,28,52,0.538462
Delaware,2012,9,87,0.103448
Delaware,2013,25,51,0.490196
District of Columbia,1977,44,135,0.325926
District of Columbia,1978,72,115,0.626087
District of Columbia,1979,72,282,0.255319
District of Columbia,1980,134,542,0.247232
District of Columbia,1981,85,381,0.223097
District of Columbia,1982,104,394,0.263959
District of Columbia,1983,106,486,0.218107
District of Columbia,1984,100,656,0.152439
District of Columbia,1985,312,2020,0.154455
District of Columbia,1986,359,1935,0.18553
District of Columbia,1987,332,2447,0.135676
District of Columbia,1988,465,2095,0.221957
District of Columbia,1989,169,590,0.286441
District of Columbia,1990,323,1670,0.193413
District of Columbia,1991,249,1582,0.157396
District of Columbia,1992,247,1364,0.181085
District of Columbia,1993,309,1815,0.170248
District of Columbia,1994,19,137,0.138686
District of Columbia,1995,132,766,0.172324
District of Columbia,1996,299,2015,0.148387
District of Columbia,1997,286,1974,0.144883
District of Columbia,1998,300,1816,0.165198
District of Columbia,1999,253,1718,0.147264
District of Columbia,2000,192,3000,0.064
District of Columbia,2001,34,79,0.43038
District of Columbia,2002,184,513,0.358674
District of Columbia,2003,174,585,0.297436
District of Columbia,2004,154,749,0.205607
District of Columbia,2005,206,1113,0.185085
District of Columbia,2006,133,435,0.305747
District of Columbia,2007,169,454,0.372247
District of Columbia,2008,136,643,0.211509
District of Columbia,2009,112,342,0.327485
District of Columbia,2010,91,416,0.21875
District of Columbia,2011,89,445,0.2
District of Columbia,2012,94,520,0.180769
District of Columbia,2013,95,618,0.153722
Florida,1977,47,98,0.479592
Florida,1978,54,115,0.469565
Florida,1979,132,426,0.309859
Florida,1980,253,1053,0.240266
Florida,1981,248,381,0.650919
Florida,1982,302,514,0.587549
Florida,1983,285,527,0.540797
Florida,1984,278,798,0.348371
Florida,1985,407,444,0.916667
Florida,1986,367,620,0.591935
Florida,1987,480,829,0.579011
Florida,1988,567,1290,0.439535
Florida,1989,665,906,0.733996
Florida,1990,441,850,0.518824
Florida,1991,502,844,0.594787
Florida,1992,369,1177,0.313509
Florida,1993,359,746,0.481233
Florida,1994,37,132,0.280303
Florida,1995,149,289,0.515571
Florida,1996,301,1104,0.272645
Florida,1997,455,574,0.792683
Florida,1998,462,709,0.651622
Florida,1999,407,720,0.565278
Florida,2000,582,3000,0.194
Florida,2001,109,291,0.37457
Florida,2002,524,1149,0.456049
Florida,2003,389,945,0.41164
Florida,2004,385,1648,0.233617
Florida,2005,385,819,0.470085
Florida,2006,454,763,0.59502
Florida,2007,438,747,0.586345
Florida,2008,381,1191,0.319899
Florida,2009,355,424,0.837264
Florida,2010,284,698,0.406877
Florida,2011,266,568,0.46831
Florida,2012,255,1494,0.170683
Florida,2013,188,501,0.37525
Georgia,1977,21,165,0.127273
Georgia,1978,39,110,0.354545
Georgia,1979,185,307,0.602606
Georgia,1980,278,675,0.411852
Georgia,1981,60,212,0.283019
Georgia,1982,51,229,0.222707
Georgia,1983,68,219,0.310502
Georgia,1984,74,548,0.135036
Georgia,1985,83,228,0.364035
Georgia,1986,70,369,0.189702
Georgia,1987,65,362,0.179558
Georgia,1988,119,889,0.133858
Georgia,1989,84,340,0.247059
Georgia,1990,111,347,0.319885
Georgia,1991,128,333,0.384384
Georgia,1992,120,624,0.192308
Georgia,1993,129,292,0.441781
Georgia,1994,16,47,0.340426
Georgia,1995,33,127,0.259843
Georgia,1996,111,830,0.133735
Georgia,1997,85,281,0.302491
Georgia,1998,114,355,0.321127
Georgia,1999,242,302,0.801324
Georgia,2000,131,425,0.308235
Georgia,2001,39,60,0.65
Georgia,2002,153,321,0.476636
Georgia,2003,122,275,0.443636
Georgia,2004,91,378,0.240741
Georgia,2005,134,174,0.770115
Georgia,2006,156,270,0.577778
Georgia,2007,108,192,0.5625
Georgia,2008,77,387,0.198966
Georgia,2009,45,148,0.304054
Georgia,2010,49,134,0.365672
Georgia,2011,60,189,0.31746
Georgia,2012,53,207,0.256039
Georgia,2013,54,158,0.341772
Hawaii,1977,15,43,0.348837
Hawaii,1978,11,29,0.37931
Hawaii,1979,12,122,0.098361
Hawaii,1980,12,227,0.052863
Hawaii,1981,21,144,0.145833
Hawaii,1982,38,286,0.132867
Hawaii,1983,23,185,0.124324
Hawaii,1984,40,282,0.141844
Hawaii,1985,41,212,0.193396
Hawaii,1986,198,445,0.444944
Hawaii,1987,105,440,0.238636
Hawaii,1988,101,418,0.241627
Hawaii,1989,75,276,0.271739
Hawaii,1990,102,361,0.282548
Hawaii,1991,78,204,0.382353
Hawaii,1992,57,344,0.165698
Hawaii,1993,70,206,0.339806
Hawaii,1994,5,18,0.277778
Hawaii,1995,23,130,0.176923
Hawaii,1996,35,280,0.125
Hawaii,1997,27,182,0.148352
Hawaii,1998,45,155,0.290323
Hawaii,1999,44,207,0.21256
Hawaii,2000,36,417,0.086331
Hawaii,2001,9,31,0.290323
Hawaii,2002,34,222,0.153153
Hawaii,2003,27,161,0.167702
Hawaii,2004,31,359,0.086351
Hawaii,2005,31,131,0.236641
Hawaii,2006,40,200,0.2
Hawaii,2007,52,236,0.220339
Hawaii,2008,46,669,0.068759
Hawaii,2009,45,151,0.298013
Hawaii,2010,34,187,0.181818
Hawaii,2011,18,178,0.101124
Hawaii,2012,27,333,0.081081
Hawaii,2013,15,163,0.092025
Idaho,1977,4,36,0.111111
Idaho,1978,6,97,0.061856
Idaho,1979,15,188,0.079787
Idaho,1980,22,188,0.117021
Idaho,1981,7,92,0.076087
Idaho,1982,14,131,0.10687
Idaho,1983,13,129,0.100775
Idaho,1984,34,189,0.179894
Idaho,1985,28,144,0.194444
Idaho,1986,25,166,0.150602
Idaho,1987,19,175,0.108571
Idaho,1988,25,188,0.132979
Idaho,1989,31,110,0.281818
Idaho,1990,17,169,0.100592
Idaho,1991,8,81,0.098765
Idaho,1992,24,221,0.108597
Idaho,1993,16,70,0.228571
Idaho,1994,1,5,0.2
Idaho,1995,4,69,0.057971
Idaho,1996,30,152,0.197368
Idaho,1997,19,75,0.253333
Idaho,1998,29,103,0.281553
Idaho,1999,16,105,0.152381
Idaho,2000,10,140,0.071429
Idaho,2001,5,16,0.3125
Idaho,2002,19,72,0.263889
Idaho,2003,20,115,0.173913
Idaho,2004,33,152,0.217105
Idaho,2005,24,111,0.216216
Idaho,2006,22,92,0.23913
Idaho,2007,29,152,0.190789
Idaho,2008,17,440,0.038636
Idaho,2009,15,65,0.230769
Idaho,2010,17,68,0.25
Idaho,2011,18,64,0.28125
Idaho,2012,11,78,0.141026
Idaho,2013,9,65,0.138462
Illinois,1977,50,129,0.387597
Illinois,1978,48,139,0.345324
Illinois,1979,71,407,0.174447
Illinois,1980,193,1090,0.177064
Illinois,1981,93,352,0.264205
Illinois,1982,186,458,0.406114
Illinois,1983,198,535,0.370093
Illinois,1984,197,875,0.225143
Illinois,1985,118,439,0.268793
Illinois,1986,176,731,0.240766
Illinois,1987,254,774,0.328165
Illinois,1988,238,1419,0.167724
Illinois,1989,460,548,0.839416
Illinois,1990,267,508,0.525591
Illinois,1991,136,386,0.352332
Illinois,1992,114,852,0.133803
Illinois,1993,173,398,0.434673
Illinois,1994,11,46,0.23913
Illinois,1995,80,151,0.529801
Illinois,1996,190,756,0.251323
Illinois,1997,183,298,0.614094
Illinois,1998,216,511,0.422701
Illinois,1999,149,432,0.344907
Illinois,2000,147,748,0.196524
Illinois,2001,38,87,0.436782
Illinois,2002,286,513,0.557505
Illinois,2003,272,536,0.507463
Illinois,2004,180,692,0.260116
Illinois,2005,282,457,0.617068
Illinois,2006,288,638,0.451411
Illinois,2007,260,1426,0.182328
Illinois,2008,452,2281,0.198159
Illinois,2009,399,568,0.702465
Illinois,2010,253,556,0.455036
Illinois,2011,217,520,0.417308
Illinois,2012,146,496,0.294355
Illinois,2013,127,388,0.32732
Indiana,1977,11,25,0.44
Indiana,1978,12,56,0.214286
Indiana,1979,34,190,0.178947
Indiana,1980,43,471,0.091295
Indiana,1981,40,196,0.204082
Indiana,1982,12,266,0.045113
Indiana,1983,34,297,0.114478
Indiana,1984,38,445,0.085393
Indiana,1985,48,382,0.125654
Indiana,1986,85,340,0.25
Indiana,1987,38,385,0.098701
Indiana,1988,84,661,0.12708
Indiana,1989,81,333,0.243243
Indiana,1990,74,324,0.228395
Indiana,1991,49,292,0.167808
Indiana,1992,118,504,0.234127
Indiana,1993,82,223,0.367713
Indiana,1994,5,12,0.416667
Indiana,1995,29,150,0.193333
Indiana,1996,60,476,0.12605
Indiana,1997,64,181,0.353591
Indiana,1998,109,246,0.443089
Indiana,1999,94,231,0.406926
Indiana,2000,85,369,0.230352
Indiana,2001,18,40,0.45
Indiana,2002,85,194,0.438144
Indiana,2003,62,223,0.278027
Indiana,2004,64,302,0.211921
Indiana,2005,69,196,0.352041
Indiana,2006,77,258,0.29845
Indiana,2007,84,208,0.403846
Indiana,2008,109,573,0.190227
Indiana,2009,124,170,0.729412
Indiana,2010,75,226,0.331858
Indiana,2011,72,271,0.265683
Indiana,2012,73,319,0.22884
Indiana,2013,44,130,0.338462
Iowa,1977,9,42,0.214286
Iowa,1978,4,57,0.070175
Iowa,1979,18,235,0.076596
Iowa,1980,28,471,0.059448
Iowa,1981,12,150,0.08
Iowa,1982,74,206,0.359223
Iowa,1983,20,272,0.073529
Iowa,1984,29,631,0.045959
Iowa,1985,47,293,0.16041
Iowa,1986,41,338,0.121302
Iowa,1987,54,679,0.079529
Iowa,1988,90,941,0.095643
Iowa,1989,88,262,0.335878
Iowa,1990,41,260,0.157692
Iowa,1991,65,475,0.136842
Iowa,1992,72,729,0.098765
Iowa,1993,33,216,0.152778
Iowa,1994,5,27,0.185185
Iowa,1995,37,247,0.149798
Iowa,1996,33,726,0.045455
Iowa,1997,49,200,0.245
Iowa,1998,76,269,0.282528
Iowa,1999,60,609,0.098522
Iowa,2000,63,766,0.082245
Iowa,2001,11,47,0.234043
Iowa,2002,70,346,0.202312
Iowa,2003,90,691,0.130246
Iowa,2004,60,1019,0.058881
Iowa,2005,67,318,0.210692
Iowa,2006,93,392,0.237245
Iowa,2007,72,1180,0.061017
Iowa,2008,71,643,0.11042
Iowa,2009,44,176,0.25
Iowa,2010,38,153,0.248366
Iowa,2011,38,875,0.043429
Iowa,2012,46,504,0.09127
Iowa,2013,37,245,0.15102
Kansas,1977,4,36,0.111111
Kansas,1978,4,53,0.075472
Kansas,1979,18,157,0.11465
Kansas,1980,24,319,0.075235
Kansas,1981,24,147,0.163265
Kansas,1982,36,201,0.179104
Kansas,1983,23,153,0.150327
Kansas,1984,23,154,0.149351
Kansas,1985,19,169,0.112426
Kansas,1986,40,571,0.070053
Kansas,1987,33,694,0.04755
Kansas,1988,35,997,0.035105
Kansas,1989,47,423,0.111111
Kansas,1990,34,385,0.088312
Kansas,1991,40,306,0.130719
Kansas,1992,19,245,0.077551
Kansas,1993,42,492,0.085366
Kansas,1994,4,46,0.086957
Kansas,1995,19,363,0.052342
Kansas,1996,46,915,0.050273
Kansas,1997,45,163,0.276074
Kansas,1998,26,219,0.118721
Kansas,1999,26,142,0.183099
Kansas,2000,28,152,0.184211
Kansas,2001,2,17,0.117647
Kansas,2002,40,131,0.305344
Kansas,2003,51,109,0.46789
Kansas,2004,49,145,0.337931
Kansas,2005,75,146,0.513699
Kansas,2006,42,142,0.295775
Kansas,2007,55,303,0.181518
Kansas,2008,41,204,0.20098
Kansas,2009,37,127,0.291339
Kansas,2010,32,124,0.258065
Kansas,2011,31,70,0.442857
Kansas,2012,23,98,0.234694
Kansas,2013,19,75,0.253333
Kentucky,1977,16,42,0.380952
Kentucky,1978,10,66,0.151515
Kentucky,1979,24,164,0.146341
Kentucky,1980,53,157,0.33758
Kentucky,1981,50,141,0.35461
Kentucky,1982,58,196,0.295918
Kentucky,1983,41,211,0.194313
Kentucky,1984,57,400,0.1425
Kentucky,1985,122,151,0.807947
Kentucky,1986,83,171,0.48538
Kentucky,1987,69,164,0.420732
Kentucky,1988,82,425,0.192941
Kentucky,1989,146,212,0.688679
Kentucky,1990,71,185,0.383784
Kentucky,1991,52,201,0.258706
Kentucky,1992,68,299,0.227425
Kentucky,1993,73,231,0.316017
Kentucky,1994,5,18,0.277778
Kentucky,1995,29,86,0.337209
Kentucky,1996,50,292,0.171233
Kentucky,1997,64,201,0.318408
Kentucky,1998,81,225,0.36
Kentucky,1999,85,258,0.329457
Kentucky,2000,57,433,0.13164
Kentucky,2001,16,37,0.432432
Kentucky,2002,62,281,0.220641
Kentucky,2003,98,272,0.360294
Kentucky,2004,60,219,0.273973
Kentucky,2005,56,199,0.281407
Kentucky,2006,72,252,0.285714
Kentucky,2007,85,329,0.258359
Kentucky,2008,62,268,0.231343
Kentucky,2009,57,170,0.335294
Kentucky,2010,27,303,0.089109
Kentucky,2011,32,218,0.146789
Kentucky,2012,29,211,0.137441
Kentucky,2013,20,251,0.079681
Louisiana,1977,24,53,0.45283
Louisiana,1978,41,53,0.773585
Louisiana,1979,178,184,0.967391
Louisiana,1980,143,283,0.5053
Louisiana,1981,113,167,0.676647
Louisiana,1982,50,130,0.384615
Louisiana,1983,60,176,0.340909
Louisiana,1984,52,255,0.203922
Louisiana,1985,268,263,1.01901
Louisiana,1986,182,323,0.563468
Louisiana,1987,103,322,0.319876
Louisiana,1988,55,972,0.056584
Louisiana,1989,75,285,0.263158
Louisiana,1990,67,251,0.266932
Louisiana,1991,114,410,0.278049
Louisiana,1992,67,404,0.165842
Louisiana,1993,73,175,0.417143
Louisiana,1994,5,28,0.178571
Louisiana,1995,40,130,0.307692
Louisiana,1996,102,490,0.208163
Louisiana,1997,167,181,0.922652
Louisiana,1998,100,200,0.5
Louisiana,1999,61,195,0.312821
Louisiana,2000,123,297,0.414141
Louisiana,2001,16,41,0.390244
Louisiana,2002,89,242,0.367769
Louisiana,2003,85,261,0.325671
Louisiana,2004,69,281,0.245552
Louisiana,2005,202,643,0.314152
Louisiana,2006,205,501,0.409182
Louisiana,2007,203,368,0.55163
Louisiana,2008,138,439,0.314351
Louisiana,2009,98,178,0.550562
Louisiana,2010,100,312,0.320513
Louisiana,2011,66,166,0.39759
Louisiana,2012,65,241,0.26971
Louisiana,2013,69,228,0.302632
Maine,1977,1,30,0.033333
Maine,1978,1,37,0.027027
Maine,1979,1,90,0.011111
Maine,1980,2,262,0.007634
Maine,1981,20,61,0.327869
Maine,1982,22,63,0.349206
Maine,1983,9,122,0.07377
Maine,1984,3,214,0.014019
Maine,1985,13,83,0.156627
Maine,1986,9,100,0.09
Maine,1987,25,209,0.119617
Maine,1988,21,319,0.065831
Maine,1989,13,334,0.038922
Maine,1990,23,309,0.074434
Maine,1991,22,346,0.063584
Maine,1992,16,308,0.051948
Maine,1993,10,192,0.052083
Maine,1994,2,15,0.133333
Maine,1995,5,71,0.070423
Maine,1996,13,231,0.056277
Maine,1997,12,116,0.103448
Maine,1998,20,91,0.21978
Maine,1999,16,91,0.175824
Maine,2000,17,228,0.074561
Maine,2001,10,33,0.30303
Maine,2002,18,152,0.118421
Maine,2003,9,98,0.091837
Maine,2004,18,153,0.117647
Maine,2005,15,107,0.140187
Maine,2006,21,81,0.259259
Maine,2007,25,95,0.263158
Maine,2008,31,110,0.281818
Maine,2009,8,66,0.121212
Maine,2010,12,73,0.164384
Maine,2011,9,47,0.191489
Maine,2012,9,97,0.092784
Maine,2013,21,78,0.269231
Maryland,1977,58,115,0.504348
Maryland,1978,57,173,0.32948
Maryland,1979,110,267,0.411985
Maryland,1980,166,479,0.346555
Maryland,1981,94,368,0.255435
Maryland,1982,98,390,0.251282
Maryland,1983,99,434,0.228111
Maryland,1984,83,576,0.144097
Maryland,1985,96,455,0.210989
Maryland,1986,151,596,0.253356
Maryland,1987,83,449,0.184855
Maryland,1988,122,650,0.187692
Maryland,1989,119,408,0.291667
Maryland,1990,88,461,0.190889
Maryland,1991,80,394,0.203046
Maryland,1992,65,649,0.100154
Maryland,1993,107,343,0.311953
Maryland,1994,7,27,0.259259
Maryland,1995,40,147,0.272109
Maryland,1996,98,524,0.187023
Maryland,1997,74,308,0.24026
Maryland,1998,91,424,0.214623
Maryland,1999,77,397,0.193955
Maryland,2000,80,1093,0.073193
Maryland,2001,21,78,0.269231
Maryland,2002,173,441,0.39229
Maryland,2003,117,386,0.303109
Maryland,2004,112,443,0.252822
Maryland,2005,93,375,0.248
Maryland,2006,158,456,0.346491
Maryland,2007,96,385,0.249351
Maryland,2008,109,479,0.227557
Maryland,2009,78,205,0.380488
Maryland,2010,55,230,0.23913
Maryland,2011,63,213,0.295775
Maryland,2012,61,328,0.185976
Maryland,2013,40,234,0.17094
Massachusetts,1977,29,124,0.233871
Massachusetts,1978,45,171,0.263158
Massachusetts,1979,60,943,0.063627
Massachusetts,1980,127,1495,0.08495
Massachusetts,1981,77,459,0.167756
Massachusetts,1982,121,604,0.200331
Massachusetts,1983,89,631,0.141046
Massachusetts,1984,150,1111,0.135014
Massachusetts,1985,154,687,0.224163
Massachusetts,1986,238,895,0.265922
Massachusetts,1987,202,1283,0.157443
Massachusetts,1988,295,3000,0.098333
Massachusetts,1989,234,842,0.27791
Massachusetts,1990,183,925,0.197838
Massachusetts,1991,198,1019,0.194308
Massachusetts,1992,194,1350,0.143704
Massachusetts,1993,143,691,0.206946
Massachusetts,1994,8,73,0.109589
Massachusetts,1995,59,263,0.224335
Massachusetts,1996,189,872,0.216743
Massachusetts,1997,168,648,0.259259
Massachusetts,1998,189,682,0.277126
Massachusetts,1999,190,711,0.267229
Massachusetts,2000,146,983,0.148525
Massachusetts,2001,50,137,0.364964
Massachusetts,2002,238,895,0.265922
Massachusetts,2003,255,1462,0.174419
Massachusetts,2004,226,2727,0.082875
Massachusetts,2005,163,805,0.202484
Massachusetts,2006,210,836,0.251196
Massachusetts,2007,256,1439,0.177901
Massachusetts,2008,212,1147,0.18483
Massachusetts,2009,183,609,0.300493
Massachusetts,2010,138,794,0.173804
Massachusetts,2011,156,1234,0.126418
Massachusetts,2012,151,1742,0.086682
Massachusetts,2013,128,511,0.250489
Michigan,1977,22,67,0.328358
Michigan,1978,35,82,0.426829
Michigan,1979,54,176,0.306818
Michigan,1980,59,750,0.078667
Michigan,1981,66,196,0.336735
Michigan,1982,85,232,0.366379
Michigan,1983,55,226,0.243363
Michigan,1984,94,507,0.185404
Michigan,1985,85,228,0.372807
Michigan,1986,121,351,0.344729
Michigan,1987,132,391,0.337596
Michigan,1988,119,915,0.130055
Michigan,1989,127,317,0.400631
Michigan,1990,111,381,0.291339
Michigan,1991,88,288,0.305556
Michigan,1992,96,906,0.10596
Michigan,1993,99,312,0.317308
Michigan,1994,9,34,0.264706
Michigan,1995,43,101,0.425743
Michigan,1996,133,667,0.1994
Michigan,1997,90,206,0.436893
Michigan,1998,113,279,0.405018
Michigan,1999,106,292,0.363014
Michigan,2000,116,1027,0.11295
Michigan,2001,39,69,0.565217
Michigan,2002,163,376,0.433511
Michigan,2003,139,378,0.367725
Michigan,2004,122,717,0.170153
Michigan,2005,108,259,0.416988
Michigan,2006,125,328,0.381098
Michigan,2007,155,430,0.360465
Michigan,2008,125,798,0.156642
Michigan,2009,111,224,0.495536
Michigan,2010,68,232,0.293103
Michigan,2011,71,242,0.293388
Michigan,2012,50,485,0.103093
Michigan,2013,71,224,0.316964
Minnesota,1977,5,48,0.104167
Minnesota,1978,9,84,0.107143
Minnesota,1979,32,122,0.262295
Minnesota,1980,26,210,0.12381
Minnesota,1981,13,82,0.158537
Minnesota,1982,35,181,0.19337
Minnesota,1983,43,158,0.272152
Minnesota,1984,55,468,0.117521
Minnesota,1985,55,176,0.3125
Minnesota,1986,59,186,0.317204
Minnesota,1987,57,182,0.313187
Minnesota,1988,85,411,0.206813
Minnesota,1989,109,182,0.598901
Minnesota,1990,92,375,0.245333
Minnesota,1991,75,214,0.350467
Minnesota,1992,60,287,0.209059
Minnesota,1993,75,214,0.350467
Minnesota,1994,7,25,0.28
Minnesota,1995,28,90,0.311111
Minnesota,1996,96,278,0.345324
Minnesota,1997,62,206,0.300971
Minnesota,1998,86,311,0.276527
Minnesota,1999,263,285,0.922807
Minnesota,2000,173,418,0.413876
Minnesota,2001,32,62,0.516129
Minnesota,2002,95,442,0.214932
Minnesota,2003,58,187,0.31016
Minnesota,2004,89,418,0.212919
Minnesota,2005,107,326,0.328221
Minnesota,2006,75,224,0.334821
Minnesota,2007,89,288,0.309028
Minnesota,2008,89,702,0.126781
Minnesota,2009,81,214,0.378505
Minnesota,2010,46,230,0.2
Minnesota,2011,49,642,0.076324
Minnesota,2012,45,284,0.158451
Minnesota,2013,42,136,0.308824
Mississippi,1977,4,29,0.137931
Mississippi,1978,8,43,0.186047
Mississippi,1979,19,114,0.166667
Mississippi,1980,19,226,0.084071
Mississippi,1981,30,134,0.223881
Mississippi,1982,12,139,0.086331
Mississippi,1983,16,155,0.103226
Mississippi,1984,21,255,0.082353
Mississippi,1985,95,111,0.855856
Mississippi,1986,70,140,0.5
Mississippi,1987,79,189,0.417989
Mississippi,1988,39,348,0.112069
Mississippi,1989,45,146,0.308219
Mississippi,1990,38,143,0.265734
Mississippi,1991,39,156,0.25
Mississippi,1992,21,293,0.071672
Mississippi,1993,32,150,0.213333
Mississippi,1994,2,16,0.125
Mississippi,1995,19,82,0.231707
Mississippi,1996,34,267,0.127341
Mississippi,1997,45,198,0.227273
Mississippi,1998,75,175,0.428571
Mississippi,1999,42,172,0.244186
Mississippi,2000,40,246,0.162602
Mississippi,2001,13,31,0.419355
Mississippi,2002,141,247,0.57085
Mississippi,2003,58,202,0.287129
Mississippi,2004,54,191,0.282723
Mississippi,2005,117,279,0.419355
Mississippi,2006,92,200,0.46
Mississippi,2007,69,191,0.361257
Mississippi,2008,104,252,0.412698
Mississippi,2009,41,103,0.398058
Mississippi,2010,17,123,0.138211
Mississippi,2011,37,192,0.192708
Mississippi,2012,34,216,0.157407
Mississippi,2013,35,93,0.376344
Missouri,1977,19,40,0.475
Missouri,1978,12,44,0.272727
Missouri,1979,48,136,0.352941
Missouri,1980,38,274,0.138686
Missouri,1981,62,154,0.402597
Missouri,1982,69,173,0.398844
Missouri,1983,157,111,1.41441
Missouri,1984,83,362,0.229282
Missouri,1985,144,156,0.923077
Missouri,1986,104,262,0.396947
Missouri,1987,109,229,0.475983
Missouri,1988,101,599,0.168614
Missouri,1989,100,195,0.512821
Missouri,1990,76,222,0.342342
Missouri,1991,67,226,0.29646
Missouri,1992,44,411,0.107056
Missouri,1993,94,199,0.472362
Missouri,1994,3,30,0.1
Missouri,1995,38,80,0.475
Missouri,1996,63,339,0.185841
Missouri,1997,60,151,0.397351
Missouri,1998,73,237,0.308017
Missouri,1999,74,233,0.317597
Missouri,2000,79,649,0.121726
Missouri,2001,30,65,0.461538
Missouri,2002,141,353,0.399433
Missouri,2003,94,277,0.33935
Missouri,2004,87,611,0.14239
Missouri,2005,99,187,0.529412
Missouri,2006,149,321,0.464174
Missouri,2007,117,246,0.47561
Missouri,2008,89,406,0.219212
Missouri,2009,63,122,0.516393
Missouri,2010,50,186,0.268817
Missouri,2011,56,157,0.356688
Missouri,2012,54,333,0.162162
Missouri,2013,33,135,0.244444
Montana,1977,3,7,0.428571
Montana,1978,4,29,0.137931
Montana,1979,6,45,0.133333
Montana,1980,25,98,0.255102
Montana,1981,14,77,0.181818
Montana,1982,14,127,0.110236
Montana,1983,9,95,0.094737
Montana,1984,14,123,0.113821
Montana,1985,22,104,0.211538
Montana,1986,12,92,0.130435
Montana,1987,10,108,0.092593
Montana,1988,19,256,0.074219
Montana,1989,12,117,0.102564
Montana,1990,20,162,0.123457
Montana,1991,12,117,0.102564
Montana,1992,17,180,0.094444
Montana,1993,15,140,0.107143
Montana,1994,0,13,0
Montana,1995,8,32,0.25
Montana,1996,70,217,0.322581
Montana,1997,26,89,0.292135
Montana,1998,83,96,0.864583
Montana,1999,13,94,0.138298
Montana,2000,23,240,0.095833
Montana,2001,3,34,0.088235
Montana,2002,31,155,0.2
Montana,2003,16,132,0.121212
Montana,2004,12,151,0.07947
Montana,2005,25,111,0.225225
Montana,2006,60,209,0.287081
Montana,2007,26,172,0.151163
Montana,2008,22,273,0.080586
Montana,2009,42,239,0.175732
Montana,2010,23,109,0.211009
Montana,2011,26,136,0.191176
Montana,2012,25,106,0.235849
Montana,2013,23,96,0.239583
Nebraska,1977,7,26,0.269231
Nebraska,1978,7,56,0.125
Nebraska,1979,17,63,0.269841
Nebraska,1980,18,118,0.152542
Nebraska,1981,12,86,0.139535
Nebraska,1982,22,161,0.136646
Nebraska,1983,16,116,0.137931
Nebraska,1984,18,257,0.070039
Nebraska,1985,18,167,0.107784
Nebraska,1986,16,171,0.093567
Nebraska,1987,16,150,0.106667
Nebraska,1988,22,403,0.054591
Nebraska,1989,44,165,0.266667
Nebraska,1990,37,309,0.119741
Nebraska,1991,43,355,0.121127
Nebraska,1992,74,678,0.109145
Nebraska,1993,31,184,0.168478
Nebraska,1994,1,19,0.052632
Nebraska,1995,18,123,0.146341
Nebraska,1996,27,251,0.10757
Nebraska,1997,37,230,0.16087
Nebraska,1998,36,220,0.163636
Nebraska,1999,21,235,0.089362
Nebraska,2000,35,379,0.092348
Nebraska,2001,3,27,0.111111
Nebraska,2002,24,163,0.147239
Nebraska,2003,26,173,0.150289
Nebraska,2004,32,217,0.147465
Nebraska,2005,50,213,0.234742
Nebraska,2006,46,243,0.1893
Nebraska,2007,53,250,0.212
Nebraska,2008,42,225,0.186667
Nebraska,2009,40,140,0.285714
Nebraska,2010,21,120,0.175
Nebraska,2011,20,103,0.194175
Nebraska,2012,8,151,0.05298
Nebraska,2013,15,117,0.128205
Nevada,1977,15,13,1.15385
Nevada,1978,13,28,0.464286
Nevada,1979,39,55,0.709091
Nevada,1980,50,145,0.344828
Nevada,1981,83,113,0.734513
Nevada,1982,161,157,1.02548
Nevada,1983,99,83,1.19277
Nevada,1984,142,128,1.10938
Nevada,1985,87,113,0.769912
Nevada,1986,155,266,0.582707
Nevada,1987,67,149,0.449664
Nevada,1988,36,203,0.17734
Nevada,1989,51,104,0.490385
Nevada,1990,32,88,0.363636
Nevada,1991,30,65,0.461538
Nevada,1992,50,126,0.396825
Nevada,1993,44,59,0.745763
Nevada,1994,0,10,0
Nevada,1995,23,26,0.884615
Nevada,1996,53,165,0.321212
Nevada,1997,51,94,0.542553
Nevada,1998,69,158,0.436709
Nevada,1999,46,132,0.348485
Nevada,2000,52,215,0.24186
Nevada,2001,11,21,0.52381
Nevada,2002,51,184,0.277174
Nevada,2003,59,139,0.42446
Nevada,2004,64,314,0.203822
Nevada,2005,92,341,0.269795
Nevada,2006,89,402,0.221393
Nevada,2007,104,389,0.267352
Nevada,2008,93,441,0.210884
Nevada,2009,63,242,0.260331
Nevada,2010,57,433,0.13164
Nevada,2011,65,253,0.256917
Nevada,2012,62,363,0.170799
Nevada,2013,55,182,0.302198
New Hampshire,1977,4,28,0.142857
New Hampshire,1978,2,46,0.043478
New Hampshire,1979,11,314,0.035032
New Hampshire,1980,19,644,0.029503
New Hampshire,1981,20,84,0.238095
New Hampshire,1982,38,113,0.336283
New Hampshire,1983,49,315,0.155556
New Hampshire,1984,14,736,0.019022
New Hampshire,1985,14,192,0.072917
New Hampshire,1986,23,221,0.104072
New Hampshire,1987,37,755,0.049007
New Hampshire,1988,53,992,0.053427
New Hampshire,1989,23,227,0.101322
New Hampshire,1990,46,351,0.131054
New Hampshire,1991,27,370,0.072973
New Hampshire,1992,58,894,0.064877
New Hampshire,1993,33,180,0.183333
New Hampshire,1994,1,17,0.058824
New Hampshire,1995,17,306,0.055556
New Hampshire,1996,36,1051,0.034253
New Hampshire,1997,20,125,0.16
New Hampshire,1998,16,158,0.101266
New Hampshire,1999,42,863,0.048667
New Hampshire,2000,60,1043,0.057526
New Hampshire,2001,6,44,0.136364
New Hampshire,2002,110,306,0.359477
New Hampshire,2003,46,603,0.076285
New Hampshire,2004,63,872,0.072248
New Hampshire,2005,30,222,0.135135
New Hampshire,2006,51,300,0.17
New Hampshire,2007,94,1080,0.087037
New Hampshire,2008,42,651,0.064516
New Hampshire,2009,30,168,0.178571
New Hampshire,2010,17,154,0.11039
New Hampshire,2011,17,560,0.030357
New Hampshire,2012,30,582,0.051546
New Hampshire,2013,14,131,0.10687
New Jersey,1977,35,96,0.364583
New Jersey,1978,36,99,0.363636
New Jersey,1979,105,217,0.483871
New Jersey,1980,329,549,0.599271
New Jersey,1981,337,305,1.10492
New Jersey,1982,230,352,0.653409
New Jersey,1983,136,243,0.559671
New Jersey,1984,226,601,0.37604
New Jersey,1985,204,297,0.686869
New Jersey,1986,205,346,0.592486
New Jersey,1987,185,336,0.550595
New Jersey,1988,265,837,0.316607
New Jersey,1989,232,423,0.548463
New Jersey,1990,216,395,0.546835
New Jersey,1991,168,284,0.591549
New Jersey,1992,205,466,0.439914
New Jersey,1993,228,494,0.461538
New Jersey,1994,18,38,0.473684
New Jersey,1995,103,163,0.631902
New Jersey,1996,213,610,0.34918
New Jersey,1997,160,329,0.486322
New Jersey,1998,164,255,0.643137
New Jersey,1999,224,454,0.493392
New Jersey,2000,226,1075,0.210233
New Jersey,2001,69,169,0.408284
New Jersey,2002,276,447,0.61745
New Jersey,2003,172,233,0.738197
New Jersey,2004,234,508,0.46063
New Jersey,2005,182,363,0.501377
New Jersey,2006,225,366,0.614754
New Jersey,2007,222,378,0.587302
New Jersey,2008,194,440,0.440909
New Jersey,2009,181,314,0.576433
New Jersey,2010,123,265,0.464151
New Jersey,2011,145,326,0.444785
New Jersey,2012,101,347,0.291066
New Jersey,2013,112,372,0.301075
New Mexico,1977,7,9,0.777778
New Mexico,1978,4,15,0.266667
New Mexico,1979,13,42,0.309524
New Mexico,1980,26,110,0.236364
New Mexico,1981,14,76,0.184211
New Mexico,1982,17,128,0.132813
New Mexico,1983,25,153,0.163399
New Mexico,1984,10,190,0.052632
New Mexico,1985,16,90,0.177778
New Mexico,1986,50,139,0.359712
New Mexico,1987,18,153,0.117647
New Mexico,1988,29,244,0.118852
New Mexico,1989,45,97,0.463918
New Mexico,1990,44,140,0.314286
New Mexico,1991,29,71,0.408451
New Mexico,1992,38,163,0.233129
New Mexico,1993,24,95,0.252632
New Mexico,1994,2,16,0.125
New Mexico,1995,17,47,0.361702
New Mexico,1996,40,210,0.190476
New Mexico,1997,50,126,0.396825
New Mexico,1998,36,164,0.219512
New Mexico,1999,29,155,0.187097
New Mexico,2000,38,461,0.082429
New Mexico,2001,11,36,0.305556
New Mexico,2002,47,204,0.230392
New Mexico,2003,69,305,0.22623
New Mexico,2004,37,424,0.087264
New Mexico,2005,56,165,0.339394
New Mexico,2006,35,156,0.224359
New Mexico,2007,72,552,0.130435
New Mexico,2008,58,299,0.19398
New Mexico,2009,42,118,0.355932
New Mexico,2010,28,86,0.325581
New Mexico,2011,36,87,0.413793
New Mexico,2012,31,101,0.306931
New Mexico,2013,19,106,0.179245
New York,1977,108,378,0.285714
New York,1978,113,405,0.279012
New York,1979,318,1102,0.288566
New York,1980,692,2250,0.307556
New York,1981,478,1104,0.432971
New York,1982,431,1056,0.408144
New York,1983,523,1073,0.487418
New York,1984,582,2309,0.252057
New York,1985,693,1434,0.483264
New York,1986,752,1827,0.411604
New York,1987,1094,2011,0.544008
New York,1988,1129,2651,0.425877
New York,1989,1425,2125,0.670588
New York,1990,999,1893,0.527734
New York,1991,836,1851,0.451648
New York,1992,782,2503,0.312425
New York,1993,783,1977,0.396055
New York,1994,43,146,0.294521
New York,1995,333,714,0.466387
New York,1996,696,2210,0.314932
New York,1997,663,1663,0.398677
New York,1998,622,1826,0.340635
New York,1999,764,2115,0.361229
New York,2000,625,3000,0.208333
New York,2001,245,912,0.26864
New York,2002,1290,2064,0.625
New York,2003,1177,1961,0.600204
New York,2004,1151,2764,0.416425
New York,2005,1171,1956,0.598671
New York,2006,980,1792,0.546875
New York,2007,1066,2891,0.368731
New York,2008,874,2422,0.360859
New York,2009,840,1340,0.626866
New York,2010,672,1414,0.475248
New York,2011,720,1559,0.461835
New York,2012,599,1415,0.423322
New York,2013,512,1356,0.377581
North Carolina,1977,13,49,0.265306
North Carolina,1978,18,97,0.185567
North Carolina,1979,79,186,0.424731
North Carolina,1980,45,535,0.084112
North Carolina,1981,70,222,0.315315
North Carolina,1982,41,316,0.129747
North Carolina,1983,68,280,0.242857
North Carolina,1984,49,569,0.086116
North Carolina,1985,65,311,0.209003
North Carolina,1986,65,385,0.168831
North Carolina,1987,76,378,0.201058
North Carolina,1988,139,737,0.188602
North Carolina,1989,314,269,1.16729
North Carolina,1990,133,438,0.303653
North Carolina,1991,102,306,0.333333
North Carolina,1992,64,596,0.107383
North Carolina,1993,103,266,0.387218
North Carolina,1994,4,14,0.285714
North Carolina,1995,47,96,0.489583
North Carolina,1996,123,553,0.222423
North Carolina,1997,138,308,0.448052
North Carolina,1998,142,355,0.4
North Carolina,1999,95,246,0.386179
North Carolina,2000,88,590,0.149153
North Carolina,2001,18,49,0.367347
North Carolina,2002,123,575,0.213913
North Carolina,2003,157,841,0.186683
North Carolina,2004,127,1128,0.112589
North Carolina,2005,138,314,0.43949
North Carolina,2006,136,353,0.385269
North Carolina,2007,168,736,0.228261
North Carolina,2008,109,919,0.118607
North Carolina,2009,150,219,0.684932
North Carolina,2010,94,253,0.371542
North Carolina,2011,98,263,0.372624
North Carolina,2012,124,821,0.151035
North Carolina,2013,70,243,0.288066
North Dakota,1977,1,8,0.125
North Dakota,1978,4,13,0.307692
North Dakota,1979,2,25,0.08
North Dakota,1980,8,97,0.082474
North Dakota,1981,4,30,0.133333
North Dakota,1982,7,66,0.106061
North Dakota,1983,27,89,0.303371
North Dakota,1984,14,116,0.12069
North Dakota,1985,8,80,0.1
North Dakota,1986,6,164,0.036585
North Dakota,1987,8,85,0.094118
North Dakota,1988,21,170,0.123529
North Dakota,1989,8,85,0.094118
North Dakota,1990,21,72,0.291667
North Dakota,1991,12,112,0.107143
North Dakota,1992,28,278,0.100719
North Dakota,1993,20,107,0.186916
North Dakota,1994,0,7,0
North Dakota,1995,3,50,0.06
North Dakota,1996,15,285,0.052632
North Dakota,1997,12,103,0.116505
North Dakota,1998,11,103,0.106796
North Dakota,1999,13,134,0.097015
North Dakota,2000,14,298,0.04698
North Dakota,2001,5,17,0.294118
North Dakota,2002,31,136,0.227941
North Dakota,2003,18,174,0.103448
North Dakota,2004,11,255,0.043137
North Dakota,2005,34,140,0.242857
North Dakota,2006,23,113,0.20354
North Dakota,2007,28,99,0.282828
North Dakota,2008,29,231,0.125541
North Dakota,2009,15,95,0.157895
North Dakota,2010,12,92,0.130435
North Dakota,2011,3,59,0.050847
North Dakota,2012,10,135,0.074074
North Dakota,2013,8,95,0.084211
Ohio,1977,21,142,0.147887
Ohio,1978,23,108,0.212963
Ohio,1979,90,324,0.277778
Ohio,1980,107,663,0.161388
Ohio,1981,57,325,0.175385
Ohio,1982,81,413,0.196126
Ohio,1983,75,715,0.104895
Ohio,1984,85,1157,0.073466
Ohio,1985,286,409,0.699266
Ohio,1986,194,449,0.432071
Ohio,1987,199,435,0.457471
Ohio,1988,203,935,0.217112
Ohio,1989,322,437,0.736842
Ohio,1990,200,506,0.395257
Ohio,1991,146,381,0.383202
Ohio,1992,144,670,0.214925
Ohio,1993,141,434,0.324885
Ohio,1994,8,29,0.275862
Ohio,1995,110,405,0.271605
Ohio,1996,133,873,0.152348
Ohio,1997,161,492,0.327236
Ohio,1998,188,491,0.382892
Ohio,1999,161,378,0.425926
Ohio,2000,157,807,0.194548
Ohio,2001,30,87,0.344828
Ohio,2002,255,403,0.632754
Ohio,2003,167,422,0.395735
Ohio,2004,187,1104,0.169384
Ohio,2005,151,450,0.335556
Ohio,2006,239,577,0.414211
Ohio,2007,135,393,0.343511
Ohio,2008,185,1027,0.180136
Ohio,2009,110,212,0.518868
Ohio,2010,112,331,0.338369
Ohio,2011,120,360,0.333333
Ohio,2012,130,683,0.190337
Ohio,2013,110,218,0.504587
Oklahoma,1977,10,14,0.714286
Oklahoma,1978,10,25,0.4
Oklahoma,1979,20,70,0.285714
Oklahoma,1980,38,165,0.230303
Oklahoma,1981,72,110,0.654545
Oklahoma,1982,49,104,0.471154
Oklahoma,1983,39,68,0.573529
Oklahoma,1984,64,131,0.48855
Oklahoma,1985,39,79,0.493671
Oklahoma,1986,37,139,0.266187
Oklahoma,1987,43,103,0.417476
Oklahoma,1988,67,241,0.278008
Oklahoma,1989,52,92,0.565217
Oklahoma,1990,51,180,0.283333
Oklahoma,1991,44,111,0.396396
Oklahoma,1992,38,205,0.185366
Oklahoma,1993,38,122,0.311475
Oklahoma,1994,2,24,0.083333
Oklahoma,1995,18,76,0.236842
Oklahoma,1996,48,315,0.152381
Oklahoma,1997,79,276,0.286232
Oklahoma,1998,57,160,0.35625
Oklahoma,1999,49,119,0.411765
Oklahoma,2000,50,205,0.243902
Oklahoma,2001,25,22,1.13636
Oklahoma,2002,58,146,0.39726
Oklahoma,2003,80,159,0.503145
Oklahoma,2004,56,221,0.253394
Oklahoma,2005,35,74,0.472973
Oklahoma,2006,34,64,0.53125
Oklahoma,2007,40,103,0.38835
Oklahoma,2008,36,127,0.283465
Oklahoma,2009,24,41,0.585366
Oklahoma,2010,22,75,0.293333
Oklahoma,2011,25,84,0.297619
Oklahoma,2012,21,118,0.177966
Oklahoma,2013,43,84,0.511905
Oregon,1977,2,10,0.2
Oregon,1978,4,29,0.137931
Oregon,1979,19,47,0.404255
Oregon,1980,15,200,0.075
Oregon,1981,15,51,0.294118
Oregon,1982,27,71,0.380282
Oregon,1983,18,85,0.211765
Oregon,1984,72,238,0.302521
Oregon,1985,84,83,1.01205
Oregon,1986,49,112,0.4375
Oregon,1987,35,110,0.318182
Oregon,1988,43,207,0.207729
Oregon,1989,34,101,0.336634
Oregon,1990,39,206,0.18932
Oregon,1991,20,119,0.168067
Oregon,1992,46,269,0.171004
Oregon,1993,32,200,0.16
Oregon,1994,3,25,0.12
Oregon,1995,19,99,0.191919
Oregon,1996,42,256,0.164063
Oregon,1997,37,129,0.286822
Oregon,1998,47,193,0.243523
Oregon,1999,38,115,0.330435
Oregon,2000,30,493,0.060852
Oregon,2001,24,32,0.75
Oregon,2002,85,197,0.431472
Oregon,2003,57,136,0.419118
Oregon,2004,44,289,0.152249
Oregon,2005,24,103,0.23301
Oregon,2006,33,67,0.492537
Oregon,2007,48,77,0.623377
Oregon,2008,28,182,0.153846
Oregon,2009,26,70,0.371429
Oregon,2010,40,80,0.5
Oregon,2011,39,86,0.453488
Oregon,2012,42,94,0.446809
Oregon,2013,26,72,0.361111
Pennsylvania,1977,30,85,0.352941
Pennsylvania,1978,70,117,0.598291
Pennsylvania,1979,139,323,0.430341
Pennsylvania,1980,245,760,0.322368
Pennsylvania,1981,161,264,0.609848
Pennsylvania,1982,108,273,0.395604
Pennsylvania,1983,112,343,0.326531
Pennsylvania,1984,153,606,0.252475
Pennsylvania,1985,209,308,0.678571
Pennsylvania,1986,193,404,0.477723
Pennsylvania,1987,219,624,0.350962
Pennsylvania,1988,235,778,0.302057
Pennsylvania,1989,197,384,0.513021
Pennsylvania,1990,145,376,0.385638
Pennsylvania,1991,106,585,0.181197
Pennsylvania,1992,131,770,0.17013
Pennsylvania,1993,127,437,0.290618
Pennsylvania,1994,8,48,0.166667
Pennsylvania,1995,74,164,0.451219
Pennsylvania,1996,139,692,0.200867
Pennsylvania,1997,113,316,0.357595
Pennsylvania,1998,124,308,0.402597
Pennsylvania,1999,141,337,0.418398
Pennsylvania,2000,188,2468,0.076175
Pennsylvania,2001,56,112,0.5
Pennsylvania,2002,307,507,0.605523
Pennsylvania,2003,233,484,0.481405
Pennsylvania,2004,272,1035,0.262802
Pennsylvania,2005,231,491,0.470468
Pennsylvania,2006,197,505,0.390099
Pennsylvania,2007,199,299,0.665552
Pennsylvania,2008,210,1036,0.202703
Pennsylvania,2009,167,316,0.528481
Pennsylvania,2010,120,467,0.256959
Pennsylvania,2011,185,336,0.550595
Pennsylvania,2012,193,560,0.344643
Pennsylvania,2013,98,238,0.411765
Rhode Island,1977,6,25,0.24
Rhode Island,1978,11,51,0.215686
Rhode Island,1979,21,84,0.25
Rhode Island,1980,21,153,0.137255
Rhode Island,1981,37,143,0.258741
Rhode Island,1982,25,211,0.118483
Rhode Island,1983,19,220,0.086364
Rhode Island,1984,74,375,0.197333
Rhode Island,1985,62,158,0.392405
Rhode Island,1986,65,199,0.326633
Rhode Island,1987,45,269,0.167286
Rhode Island,1988,43,407,0.105651
Rhode Island,1989,29,223,0.130045
Rhode Island,1990,40,271,0.147601
Rhode Island,1991,48,199,0.241206
Rhode Island,1992,69,265,0.260377
Rhode Island,1993,29,141,0.205674
Rhode Island,1994,0,17,0
Rhode Island,1995,10,73,0.136986
Rhode Island,1996,20,243,0.082305
Rhode Island,1997,18,111,0.162162
Rhode Island,1998,31,134,0.231343
Rhode Island,1999,32,186,0.172043
Rhode Island,2000,34,267,0.127341
Rhode Island,2001,8,22,0.363636
Rhode Island,2002,118,201,0.587065
Rhode Island,2003,34,134,0.253731
Rhode Island,2004,72,167,0.431138
Rhode Island,2005,55,161,0.341615
Rhode Island,2006,57,249,0.228916
Rhode Island,2007,79,158,0.5
Rhode Island,2008,53,269,0.197026
Rhode Island,2009,48,95,0.505263
Rhode Island,2010,27,167,0.161677
Rhode Island,2011,54,80,0.675
Rhode Island,2012,39,104,0.375
Rhode Island,2013,44,107,0.411215
South Carolina,1977,9,29,0.310345
South Carolina,1978,13,47,0.276596
South Carolina,1979,20,87,0.229885
South Carolina,1980,80,371,0.215633
South Carolina,1981,57,99,0.575758
South Carolina,1982,22,117,0.188034
South Carolina,1983,62,171,0.362573
South Carolina,1984,33,272,0.121324
South Carolina,1985,23,105,0.219048
South Carolina,1986,50,192,0.260417
South Carolina,1987,40,201,0.199005
South Carolina,1988,60,442,0.135747
South Carolina,1989,78,177,0.440678
South Carolina,1990,102,226,0.451327
South Carolina,1991,106,199,0.532663
South Carolina,1992,53,411,0.128954
South Carolina,1993,40,155,0.258065
South Carolina,1994,3,28,0.107143
South Carolina,1995,15,88,0.170455
South Carolina,1996,51,543,0.093923
South Carolina,1997,47,138,0.34058
South Carolina,1998,43,164,0.262195
South Carolina,1999,61,227,0.268722
South Carolina,2000,83,800,0.10375
South Carolina,2001,9,50,0.18
South Carolina,2002,49,265,0.184906
South Carolina,2003,45,378,0.119048
South Carolina,2004,46,453,0.101545
South Carolina,2005,46,115,0.4
South Carolina,2006,36,185,0.194595
South Carolina,2007,72,550,0.130909
South Carolina,2008,78,533,0.146341
South Carolina,2009,37,169,0.218935
South Carolina,2010,24,202,0.118812
South Carolina,2011,20,383,0.052219
South Carolina,2012,46,434,0.105991
South Carolina,2013,14,156,0.089744
South Dakota,1977,0,11,0
South Dakota,1978,2,23,0.086957
South Dakota,1979,4,47,0.085106
South Dakota,1980,33,99,0.333333
South Dakota,1981,6,25,0.24
South Dakota,1982,3,48,0.0625
South Dakota,1983,9,48,0.1875
South Dakota,1984,6,163,0.03681
South Dakota,1985,7,66,0.106061
South Dakota,1986,6,113,0.053097
South Dakota,1987,13,84,0.154762
South Dakota,1988,6,224,0.026786
South Dakota,1989,15,42,0.357143
South Dakota,1990,2,50,0.04
South Dakota,1991,5,49,0.102041
South Dakota,1992,10,254,0.03937
South Dakota,1993,12,54,0.222222
South Dakota,1994,0,3,0
South Dakota,1995,8,65,0.123077
South Dakota,1996,18,249,0.072289
South Dakota,1997,5,213,0.023474
South Dakota,1998,5,108,0.046296
South Dakota,1999,4,123,0.03252
South Dakota,2000,18,141,0.12766
South Dakota,2001,10,43,0.232558
South Dakota,2002,54,375,0.144
South Dakota,2003,15,124,0.120968
South Dakota,2004,12,133,0.090226
South Dakota,2005,10,56,0.178571
South Dakota,2006,17,122,0.139344
South Dakota,2007,8,64,0.125
South Dakota,2008,18,176,0.102273
South Dakota,2009,12,26,0.461538
South Dakota,2010,3,55,0.054545
South Dakota,2011,2,30,0.066667
South Dakota,2012,4,35,0.114286
South Dakota,2013,2,31,0.064516
Tennessee,1977,16,50,0.32
Tennessee,1978,15,93,0.16129
Tennessee,1979,53,149,0.355705
Tennessee,1980,73,234,0.311966
Tennessee,1981,179,196,0.913265
Tennessee,1982,58,216,0.268519
Tennessee,1983,62,241,0.257261
Tennessee,1984,81,354,0.228814
Tennessee,1985,130,209,0.62201
Tennessee,1986,139,237,0.586498
Tennessee,1987,124,319,0.388715
Tennessee,1988,167,477,0.350105
Tennessee,1989,100,168,0.595238
Tennessee,1990,91,175,0.52
Tennessee,1991,68,225,0.302222
Tennessee,1992,55,388,0.141753
Tennessee,1993,85,263,0.323194
Tennessee,1994,4,26,0.153846
Tennessee,1995,23,118,0.194915
Tennessee,1996,68,622,0.109325
Tennessee,1997,145,178,0.814607
Tennessee,1998,145,262,0.553435
Tennessee,1999,77,280,0.275
Tennessee,2000,98,637,0.153846
Tennessee,2001,32,33,0.969697
Tennessee,2002,151,289,0.522491
Tennessee,2003,91,172,0.52907
Tennessee,2004,61,318,0.191824
Tennessee,2005,124,251,0.494024
Tennessee,2006,104,261,0.398467
Tennessee,2007,125,240,0.520833
Tennessee,2008,54,282,0.191489
Tennessee,2009,65,107,0.607477
Tennessee,2010,66,145,0.455172
Tennessee,2011,32,133,0.240602
Tennessee,2012,30,154,0.194805
Tennessee,2013,56,136,0.411765
Texas,1977,36,121,0.297521
Texas,1978,43,135,0.318519
Texas,1979,133,496,0.268145
Texas,1980,272,964,0.282158
Texas,1981,133,549,0.242259
Texas,1982,171,652,0.26227
Texas,1983,217,679,0.319588
Texas,1984,199,1239,0.160613
Texas,1985,285,804,0.354478
Texas,1986,241,952,0.253151
Texas,1987,292,1404,0.207977
Texas,1988,291,2231,0.130435
Texas,1989,447,1650,0.270909
Texas,1990,310,1074,0.288641
Texas,1991,247,806,0.306452
Texas,1992,294,1588,0.185139
Texas,1993,261,942,0.27707
Texas,1994,24,113,0.212389
Texas,1995,122,727,0.167813
Texas,1996,301,1721,0.174898
Texas,1997,399,1075,0.371163
Texas,1998,344,900,0.382222
Texas,1999,254,1880,0.135106
Texas,2000,285,3000,0.095
Texas,2001,85,240,0.354167
Texas,2002,459,1362,0.337004
Texas,2003,309,1125,0.274667
Texas,2004,366,1243,0.294449
Texas,2005,394,1448,0.272099
Texas,2006,493,987,0.499493
Texas,2007,347,880,0.394318
Texas,2008,295,1091,0.270394
Texas,2009,306,431,0.709977
Texas,2010,215,535,0.401869
Texas,2011,268,1393,0.192391
Texas,2012,247,834,0.296163
Texas,2013,128,651,0.196621
Utah,1977,6,22,0.272727
Utah,1978,7,20,0.35
Utah,1979,18,76,0.236842
Utah,1980,27,127,0.212598
Utah,1981,16,132,0.121212
Utah,1982,33,167,0.197605
Utah,1983,41,74,0.554054
Utah,1984,31,158,0.196203
Utah,1985,52,105,0.495238
Utah,1986,64,120,0.533333
Utah,1987,89,118,0.754237
Utah,1988,53,172,0.30814
Utah,1989,32,76,0.421053
Utah,1990,15,81,0.185185
Utah,1991,41,118,0.347458
Utah,1992,35,180,0.194444
Utah,1993,38,85,0.447059
Utah,1994,3,17,0.176471
Utah,1995,40,47,0.851064
Utah,1996,60,177,0.338983
Utah,1997,37,145,0.255172
Utah,1998,171,183,0.934426
Utah,1999,898,416,2.15865
Utah,2000,244,232,1.05172
Utah,2001,36,41,0.878049
Utah,2002,190,244,0.778689
Utah,2003,100,122,0.819672
Utah,2004,74,199,0.371859
Utah,2005,32,90,0.355556
Utah,2006,39,101,0.386139
Utah,2007,49,124,0.395161
Utah,2008,29,144,0.201389
Utah,2009,28,96,0.291667
Utah,2010,29,113,0.256637
Utah,2011,44,358,0.122905
Utah,2012,35,236,0.148305
Utah,2013,40,129,0.310078
Vermont,1977,1,17,0.058824
Vermont,1978,1,13,0.076923
Vermont,1979,2,58,0.034483
Vermont,1980,11,213,0.051643
Vermont,1981,9,41,0.219512
Vermont,1982,10,75,0.133333
Vermont,1983,5,66,0.075758
Vermont,1984,9,210,0.042857
Vermont,1985,4,61,0.065574
Vermont,1986,8,154,0.051948
Vermont,1987,9,76,0.118421
Vermont,1988,11,208,0.052885
Vermont,1989,7,71,0.098592
Vermont,1990,4,116,0.034483
Vermont,1991,9,65,0.138462
Vermont,1992,11,120,0.091667
Vermont,1993,14,67,0.208955
Vermont,1994,0,17,0
Vermont,1995,2,26,0.076923
Vermont,1996,12,122,0.098361
Vermont,1997,7,62,0.112903
Vermont,1998,15,69,0.217391
Vermont,1999,14,93,0.150538
Vermont,2000,19,184,0.103261
Vermont,2001,6,29,0.206897
Vermont,2002,16,207,0.077295
Vermont,2003,27,949,0.028451
Vermont,2004,24,606,0.039604
Vermont,2005,36,186,0.193548
Vermont,2006,13,84,0.154762
Vermont,2007,16,67,0.238806
Vermont,2008,22,173,0.127168
Vermont,2009,16,87,0.183908
Vermont,2010,19,76,0.25
Vermont,2011,13,51,0.254902
Vermont,2012,5,57,0.087719
Vermont,2013,5,46,0.108696
Virginia,1977,14,71,0.197183
Virginia,1978,28,102,0.27451
Virginia,1979,121,260,0.465385
Virginia,1980,135,399,0.338346
Virginia,1981,82,284,0.288732
Virginia,1982,85,317,0.268139
Virginia,1983,87,264,0.329545
Virginia,1984,80,494,0.161943
Virginia,1985,135,327,0.412844
Virginia,1986,220,399,0.551378
Virginia,1987,160,574,0.278746
Virginia,1988,227,680,0.333824
Virginia,1989,262,473,0.553911
Virginia,1990,169,395,0.427848
Virginia,1991,145,425,0.341176
Virginia,1992,157,565,0.277876
Virginia,1993,126,426,0.295775
Virginia,1994,13,62,0.209677
Virginia,1995,70,203,0.344828
Virginia,1996,127,534,0.237828
Virginia,1997,141,408,0.345588
Virginia,1998,133,351,0.378917
Virginia,1999,106,368,0.288043
Virginia,2000,102,721,0.14147
Virginia,2001,68,148,0.459459
Virginia,2002,227,394,0.576142
Virginia,2003,185,391,0.473146
Virginia,2004,155,642,0.241433
Virginia,2005,174,408,0.426471
Virginia,2006,160,458,0.349345
Virginia,2007,152,456,0.333333
Virginia,2008,151,686,0.220117
Virginia,2009,125,272,0.459559
Virginia,2010,69,352,0.196023
Virginia,2011,85,288,0.295139
Virginia,2012,82,437,0.187643
Virginia,2013,105,386,0.272021
Washington,1977,12,55,0.218182
Washington,1978,12,60,0.2
Washington,1979,26,157,0.165605
Washington,1980,33,261,0.126437
Washington,1981,58,147,0.394558
Washington,1982,32,159,0.201258
Washington,1983,56,240,0.233333
Washington,1984,70,295,0.237288
Washington,1985,66,169,0.390533
Washington,1986,58,285,0.203509
Washington,1987,63,260,0.242308
Washington,1988,146,409,0.356968
Washington,1989,103,324,0.317901
Washington,1990,75,298,0.251678
Washington,1991,51,297,0.171717
Washington,1992,47,381,0.12336
Washington,1993,99,317,0.312303
Washington,1994,5,33,0.151515
Washington,1995,27,143,0.188811
Washington,1996,62,443,0.139955
Washington,1997,83,329,0.25228
Washington,1998,83,297,0.279461
Washington,1999,104,341,0.304985
Washington,2000,89,1178,0.075552
Washington,2001,37,96,0.385417
Washington,2002,140,302,0.463576
Washington,2003,135,346,0.390173
Washington,2004,131,519,0.252408
Washington,2005,105,316,0.332278
Washington,2006,64,256,0.25
Washington,2007,110,260,0.423077
Washington,2008,64,333,0.192192
Washington,2009,71,170,0.417647
Washington,2010,53,210,0.252381
Washington,2011,50,220,0.227273
Washington,2012,52,259,0.200772
Washington,2013,34,223,0.152466
West Virginia,1977,2,25,0.08
West Virginia,1978,3,36,0.083333
West Virginia,1979,21,134,0.156716
West Virginia,1980,13,165,0.078788
West Virginia,1981,8,91,0.087912
West Virginia,1982,21,133,0.157895
West Virginia,1983,11,57,0.192982
West Virginia,1984,13,201,0.064677
West Virginia,1985,27,93,0.290323
West Virginia,1986,27,77,0.350649
West Virginia,1987,33,112,0.294643
West Virginia,1988,43,201,0.21393
West Virginia,1989,40,94,0.425532
West Virginia,1990,58,119,0.487395
West Virginia,1991,54,104,0.519231
West Virginia,1992,30,137,0.218978
West Virginia,1993,36,89,0.404494
West Virginia,1994,1,3,0.333333
West Virginia,1995,16,25,0.64
West Virginia,1996,15,120,0.125
West Virginia,1997,30,56,0.535714
West Virginia,1998,22,58,0.37931
West Virginia,1999,23,65,0.353846
West Virginia,2000,25,176,0.142045
West Virginia,2001,12,12,1
West Virginia,2002,40,95,0.421053
West Virginia,2003,33,93,0.354839
West Virginia,2004,30,240,0.125
West Virginia,2005,26,81,0.320988
West Virginia,2006,19,83,0.228916
West Virginia,2007,38,78,0.487179
West Virginia,2008,31,249,0.124498
West Virginia,2009,26,44,0.590909
West Virginia,2010,14,133,0.105263
West Virginia,2011,13,66,0.19697
West Virginia,2012,26,65,0.4
West Virginia,2013,18,111,0.162162
Wisconsin,1977,11,36,0.305556
Wisconsin,1978,12,33,0.363636
Wisconsin,1979,17,131,0.129771
Wisconsin,1980,15,443,0.03386
Wisconsin,1981,17,67,0.253731
Wisconsin,1982,53,146,0.363014
Wisconsin,1983,30,109,0.275229
Wisconsin,1984,21,236,0.088983
Wisconsin,1985,25,110,0.227273
Wisconsin,1986,32,213,0.150235
Wisconsin,1987,25,152,0.164474
Wisconsin,1988,34,456,0.074561
Wisconsin,1989,24,113,0.212389
Wisconsin,1990,41,192,0.213542
Wisconsin,1991,25,144,0.173611
Wisconsin,1992,46,442,0.104072
Wisconsin,1993,34,147,0.231293
Wisconsin,1994,7,21,0.333333
Wisconsin,1995,21,92,0.228261
Wisconsin,1996,61,383,0.159269
Wisconsin,1997,37,108,0.342593
Wisconsin,1998,56,212,0.264151
Wisconsin,1999,47,150,0.313333
Wisconsin,2000,71,478,0.148536
Wisconsin,2001,11,44,0.25
Wisconsin,2002,66,273,0.241758
Wisconsin,2003,55,180,0.305556
Wisconsin,2004,62,668,0.092814
Wisconsin,2005,51,130,0.392308
Wisconsin,2006,46,182,0.252747
Wisconsin,2007,58,176,0.329545
Wisconsin,2008,55,359,0.153203
Wisconsin,2009,34,81,0.419753
Wisconsin,2010,26,208,0.125
Wisconsin,2011,33,432,0.076389
Wisconsin,2012,30,527,0.056926
Wisconsin,2013,21,123,0.170732
Wyoming,1977,4,13,0.307692
Wyoming,1978,7,16,0.4375
Wyoming,1979,5,24,0.208333
Wyoming,1980,16,41,0.390244
Wyoming,1981,13,19,0.684211
Wyoming,1982,7,81,0.08642
Wyoming,1983,11,54,0.203704
Wyoming,1984,5,84,0.059524
Wyoming,1985,4,37,0.108108
Wyoming,1986,9,50,0.18
Wyoming,1987,6,35,0.171429
Wyoming,1988,5,134,0.037313
Wyoming,1989,6,87,0.068966
Wyoming,1990,16,79,0.202532
Wyoming,1991,3,23,0.130435
Wyoming,1992,7,99,0.070707
Wyoming,1993,8,29,0.275862
Wyoming,1994,0,8,0
Wyoming,1995,4,36,0.111111
Wyoming,1996,8,140,0.057143
Wyoming,1997,2,31,0.064516
Wyoming,1998,14,65,0.215385
Wyoming,1999,7,52,0.134615
Wyoming,2000,3,162,0.018519
Wyoming,2001,3,6,0.5
Wyoming,2002,9,60,0.15
Wyoming,2003,2,47,0.042553
Wyoming,2004,6,88,0.068182
Wyoming,2005,3,58,0.051724
Wyoming,2006,19,82,0.231707
Wyoming,2007,10,73,0.136986
Wyoming,2008,11,87,0.126437
Wyoming,2009,7,73,0.09589
Wyoming,2010,5,44,0.113636
Wyoming,2011,4,42,0.095238
Wyoming,2012,4,44,0.090909
Wyoming,2013,11,61,0.180328
